Years Back,lookup_date,Closing price,ROI(in pct),stock_name
Latest,2026-01-01,,-,A-1 Limited
1,2025-01-01,408.82,16,A-1 Limited
2,2024-02-01,352.41,9,A-1 Limited
3,2023-02-01,324.12,50,A-1 Limited
4,2022-02-01,215.7,215,A-1 Limited
5,2021-02-01,68.47,35,A-1 Limited
6,2020-02-01,50.74,-1,A-1 Limited
7,2019-02-01,51.26,-,A-1 Limited
Latest,2026-01-01,4694.5,-4,ABB India Limited
1,2025-02-01,4896.1,-9,ABB India Limited
2,2024-02-01,5375.05,70,ABB India Limited
3,2023-02-01,3166.89,49,ABB India Limited
4,2022-02-01,2120.29,42,ABB India Limited
5,2021-02-01,1494.97,30,ABB India Limited
6,2020-02-01,1153.12,7,ABB India Limited
7,2019-02-01,1080.19,-20,ABB India Limited
8,2018-02-01,1343.55,28,ABB India Limited
9,2017-02-01,1047.73,-,ABB India Limited
Latest,2026-01-01,209.06,-15,AWL Agri Business Limited
1,2025-02-01,246.15,-36,AWL Agri Business Limited
2,2024-02-01,381.65,6,AWL Agri Business Limited
3,2023-02-01,361.65,-,AWL Agri Business Limited
Latest,2026-01-01,27780.0,-7,Abbott India Limited
1,2025-02-01,29978.13,8,Abbott India Limited
2,2024-02-01,27644.33,43,Abbott India Limited
3,2023-02-01,19379.28,17,Abbott India Limited
4,2022-02-01,16609.04,24,Abbott India Limited
5,2021-02-01,13398.8,-7,Abbott India Limited
6,2020-02-01,14422.34,113,Abbott India Limited
7,2019-02-01,6775.07,31,Abbott India Limited
8,2018-02-01,5191.29,30,Abbott India Limited
9,2017-02-01,3996.56,-,Abbott India Limited
Latest,2026-01-01,791.35,-24,Action Construction Equipment Limited
1,2025-02-01,1048.06,-17,Action Construction Equipment Limited
2,2024-02-01,1259.46,268,Action Construction Equipment Limited
3,2023-02-01,342.59,59,Action Construction Equipment Limited
4,2022-02-01,216.04,39,Action Construction Equipment Limited
5,2021-02-01,154.88,126,Action Construction Equipment Limited
6,2020-02-01,68.55,-12,Action Construction Equipment Limited
7,2019-02-01,78.13,-57,Action Construction Equipment Limited
8,2018-02-01,181.87,246,Action Construction Equipment Limited
9,2017-02-01,52.54,-,Action Construction Equipment Limited
Latest,2026-01-01,1864.2,-11,Adani Enterprises Limited
1,2025-02-01,2094.96,-36,Adani Enterprises Limited
2,2024-02-01,3282.49,141,Adani Enterprises Limited
3,2023-02-01,1361.98,-17,Adani Enterprises Limited
4,2022-02-01,1641.52,97,Adani Enterprises Limited
5,2021-02-01,831.63,284,Adani Enterprises Limited
6,2020-02-01,216.58,70,Adani Enterprises Limited
7,2019-02-01,127.26,17,Adani Enterprises Limited
8,2018-02-01,109.21,108,Adani Enterprises Limited
9,2017-02-01,52.58,-,Adani Enterprises Limited
Latest,2026-01-01,1308.4,23,Adani Ports and Special Economic Zone Limited
1,2025-02-01,1064.22,-19,Adani Ports and Special Economic Zone Limited
2,2024-02-01,1308.49,124,Adani Ports and Special Economic Zone Limited
3,2023-02-01,583.14,-16,Adani Ports and Special Economic Zone Limited
4,2022-02-01,691.59,5,Adani Ports and Special Economic Zone Limited
5,2021-02-01,656.11,100,Adani Ports and Special Economic Zone Limited
6,2020-02-01,328.55,5,Adani Ports and Special Economic Zone Limited
7,2019-02-01,312.69,-20,Adani Ports and Special Economic Zone Limited
8,2018-02-01,389.89,36,Adani Ports and Special Economic Zone Limited
9,2017-02-01,287.16,-,Adani Ports and Special Economic Zone Limited
Latest,2026-01-01,61.64,-75,Aditya Birla Fashion and Retail Limited
1,2025-02-01,242.15,8,Aditya Birla Fashion and Retail Limited
2,2024-02-01,225.2,-2,Aditya Birla Fashion and Retail Limited
3,2023-02-01,229.7,-14,Aditya Birla Fashion and Retail Limited
4,2022-02-01,268.4,46,Aditya Birla Fashion and Retail Limited
5,2021-02-01,183.6,-26,Aditya Birla Fashion and Retail Limited
6,2020-02-01,247.81,12,Aditya Birla Fashion and Retail Limited
7,2019-02-01,222.08,48,Aditya Birla Fashion and Retail Limited
8,2018-02-01,150.12,-4,Aditya Birla Fashion and Retail Limited
9,2017-02-01,155.69,-,Aditya Birla Fashion and Retail Limited
Latest,2026-01-01,62.14,13,Advani Hotels and Resorts (India) Limited
1,2025-02-01,54.87,-31,Advani Hotels and Resorts (India) Limited
2,2024-02-01,78.99,145,Advani Hotels and Resorts (India) Limited
3,2023-02-01,32.26,-21,Advani Hotels and Resorts (India) Limited
4,2022-02-01,40.76,75,Advani Hotels and Resorts (India) Limited
5,2021-02-01,23.25,4,Advani Hotels and Resorts (India) Limited
6,2020-02-01,22.34,-15,Advani Hotels and Resorts (India) Limited
7,2019-02-01,26.31,-2,Advani Hotels and Resorts (India) Limited
8,2018-02-01,26.81,25,Advani Hotels and Resorts (India) Limited
9,2017-02-01,21.39,-,Advani Hotels and Resorts (India) Limited
Latest,2026-01-01,651.35,-13,Aegis Logistics Limited
1,2025-02-01,752.22,-,Aegis Logistics Limited
Latest,2026-01-01,1579.8,13,Affle 3i Limited
1,2025-02-01,1400.25,25,Affle 3i Limited
2,2024-02-01,1118.15,9,Affle 3i Limited
3,2023-02-01,1024.15,-16,Affle 3i Limited
4,2022-02-01,1218.25,17,Affle 3i Limited
5,2021-02-01,1039.88,189,Affle 3i Limited
6,2020-02-01,359.78,-,Affle 3i Limited
Latest,2026-01-01,830.95,29,Ahluwalia Contracts (India) Limited
1,2025-02-01,645.76,-46,Ahluwalia Contracts (India) Limited
2,2024-02-01,1187.41,158,Ahluwalia Contracts (India) Limited
3,2023-02-01,459.71,20,Ahluwalia Contracts (India) Limited
4,2022-02-01,382.83,18,Ahluwalia Contracts (India) Limited
5,2021-02-01,325.76,0,Ahluwalia Contracts (India) Limited
6,2020-02-01,325.76,0,Ahluwalia Contracts (India) Limited
7,2019-02-01,325.46,-14,Ahluwalia Contracts (India) Limited
8,2018-02-01,377.71,263,Ahluwalia Contracts (India) Limited
9,2017-02-01,104.11,-,Ahluwalia Contracts (India) Limited
Latest,2026-01-01,2699.6,10,Ajanta Pharma Limited
1,2025-02-01,2458.37,15,Ajanta Pharma Limited
2,2024-02-01,2138.94,90,Ajanta Pharma Limited
3,2023-02-01,1128.59,4,Ajanta Pharma Limited
4,2022-02-01,1089.89,-1,Ajanta Pharma Limited
5,2021-02-01,1101.28,27,Ajanta Pharma Limited
6,2020-02-01,867.48,43,Ajanta Pharma Limited
7,2019-02-01,604.89,-29,Ajanta Pharma Limited
8,2018-02-01,856.4,-18,Ajanta Pharma Limited
9,2017-02-01,1048.25,-,Ajanta Pharma Limited
Latest,2026-01-01,2938.6,-1,Akzo Nobel India Limited
1,2025-02-01,2954.06,29,Akzo Nobel India Limited
2,2024-02-01,2282.35,20,Akzo Nobel India Limited
3,2023-02-01,1900.12,19,Akzo Nobel India Limited
4,2022-02-01,1603.07,-11,Akzo Nobel India Limited
5,2021-02-01,1793.13,-8,Akzo Nobel India Limited
6,2020-02-01,1939.71,33,Akzo Nobel India Limited
7,2019-02-01,1453.77,0,Akzo Nobel India Limited
8,2018-02-01,1447.43,21,Akzo Nobel India Limited
9,2017-02-01,1198.48,-,Akzo Nobel India Limited
Latest,2026-01-01,883.5,0,Alivus Life Sciences Limited
1,2025-02-01,880.22,-,Alivus Life Sciences Limited
Latest,2026-01-01,9.17,-70,Allcargo Logistics Limited
1,2025-02-01,31.08,-62,Allcargo Logistics Limited
2,2024-02-01,82.41,-7,Allcargo Logistics Limited
3,2023-02-01,88.64,16,Allcargo Logistics Limited
4,2022-02-01,76.66,155,Allcargo Logistics Limited
5,2021-02-01,30.11,24,Allcargo Logistics Limited
6,2020-02-01,24.29,13,Allcargo Logistics Limited
7,2019-02-01,21.51,-44,Allcargo Logistics Limited
8,2018-02-01,38.22,7,Allcargo Logistics Limited
9,2017-02-01,35.76,-,Allcargo Logistics Limited
Latest,2026-01-01,448.7,45,Allied Blenders and Distillers Limited
1,2025-02-01,309.17,-,Allied Blenders and Distillers Limited
Latest,2026-01-01,831.2,-14,Amara Raja Energy & Mobility Limited
1,2025-02-01,968.41,18,Amara Raja Energy & Mobility Limited
2,2024-02-01,823.54,-,Amara Raja Energy & Mobility Limited
Latest,2026-01-01,5565.5,-1,Amber Enterprises India Limited
1,2025-02-01,5628.65,53,Amber Enterprises India Limited
2,2024-02-01,3682.6,95,Amber Enterprises India Limited
3,2023-02-01,1885.75,-46,Amber Enterprises India Limited
4,2022-02-01,3481.8,8,Amber Enterprises India Limited
5,2021-02-01,3232.7,136,Amber Enterprises India Limited
6,2020-02-01,1369.28,104,Amber Enterprises India Limited
7,2019-02-01,672.63,-38,Amber Enterprises India Limited
8,2018-02-01,1088.93,-,Amber Enterprises India Limited
Latest,2025-06-01,,-,Ambuja Cements Limited
1,2025-06-01,,-,Ambuja Cements Limited
2,2024-06-01,,-,Ambuja Cements Limited
3,2023-02-01,334.85,11,Ambuja Cements Limited
4,2022-02-01,301.32,15,Ambuja Cements Limited
5,2021-02-01,261.38,45,Ambuja Cements Limited
6,2020-02-01,179.92,-3,Ambuja Cements Limited
7,2019-02-01,184.96,-15,Ambuja Cements Limited
8,2018-02-01,216.38,12,Ambuja Cements Limited
9,2017-02-01,193.79,-,Ambuja Cements Limited
Latest,2025-01-01,176.15,0,Anand Rayons Limited
1,2025-01-01,176.15,309,Anand Rayons Limited
2,2024-02-01,43.09,2,Anand Rayons Limited
3,2023-02-01,42.45,-16,Anand Rayons Limited
4,2022-02-01,50.55,64,Anand Rayons Limited
5,2021-02-01,30.9,-12,Anand Rayons Limited
6,2020-02-01,35.0,-,Anand Rayons Limited
Latest,2026-01-01,501.4,8,Anant Raj Limited
1,2025-02-01,462.69,33,Anant Raj Limited
2,2024-02-01,349.07,235,Anant Raj Limited
3,2023-02-01,104.16,43,Anant Raj Limited
4,2022-02-01,72.62,48,Anant Raj Limited
5,2021-02-01,49.08,324,Anant Raj Limited
6,2020-02-01,11.57,-10,Anant Raj Limited
7,2019-02-01,12.83,-43,Anant Raj Limited
8,2018-02-01,22.56,23,Anant Raj Limited
9,2017-02-01,18.33,-,Anant Raj Limited
Latest,2026-01-01,570.75,8,Antony Waste Handling Cell Limited
1,2025-02-01,529.8,6,Antony Waste Handling Cell Limited
2,2024-02-01,502.1,98,Antony Waste Handling Cell Limited
3,2023-02-01,254.05,-8,Antony Waste Handling Cell Limited
4,2022-02-01,276.55,-7,Antony Waste Handling Cell Limited
5,2021-02-01,298.2,-,Antony Waste Handling Cell Limited
Latest,2026-01-01,7033.0,22,Apar Industries Limited
1,2025-02-01,5763.28,-7,Apar Industries Limited
2,2024-02-01,6178.87,175,Apar Industries Limited
3,2023-02-01,2247.33,270,Apar Industries Limited
4,2022-02-01,607.18,38,Apar Industries Limited
5,2021-02-01,439.49,34,Apar Industries Limited
6,2020-02-01,328.21,-43,Apar Industries Limited
7,2019-02-01,575.32,-20,Apar Industries Limited
8,2018-02-01,715.1,10,Apar Industries Limited
9,2017-02-01,652.32,-,Apar Industries Limited
Latest,2026-01-01,6803.0,13,Apollo Hospitals Enterprise Limited
1,2025-02-01,6036.32,-1,Apollo Hospitals Enterprise Limited
2,2024-02-01,6070.38,39,Apollo Hospitals Enterprise Limited
3,2023-02-01,4365.18,-8,Apollo Hospitals Enterprise Limited
4,2022-02-01,4750.0,57,Apollo Hospitals Enterprise Limited
5,2021-02-01,3023.18,77,Apollo Hospitals Enterprise Limited
6,2020-02-01,1709.78,53,Apollo Hospitals Enterprise Limited
7,2019-02-01,1119.29,-5,Apollo Hospitals Enterprise Limited
8,2018-02-01,1174.94,-7,Apollo Hospitals Enterprise Limited
9,2017-02-01,1264.3,-,Apollo Hospitals Enterprise Limited
Latest,2026-01-01,499.2,35,Apollo Tyres Limited
1,2025-02-01,370.34,-27,Apollo Tyres Limited
2,2024-02-01,507.19,67,Apollo Tyres Limited
3,2023-02-01,303.26,73,Apollo Tyres Limited
4,2022-02-01,175.63,-19,Apollo Tyres Limited
5,2021-02-01,217.49,66,Apollo Tyres Limited
6,2020-02-01,130.98,-33,Apollo Tyres Limited
7,2019-02-01,195.75,-20,Apollo Tyres Limited
8,2018-02-01,244.48,48,Apollo Tyres Limited
9,2017-02-01,165.02,-,Apollo Tyres Limited
Latest,2026-01-01,225.9,-2,Artemis Medicare Services Limited
1,2025-02-01,231.24,37,Artemis Medicare Services Limited
2,2024-02-01,169.38,161,Artemis Medicare Services Limited
3,2023-02-01,64.92,67,Artemis Medicare Services Limited
4,2022-02-01,38.93,69,Artemis Medicare Services Limited
5,2021-02-01,23.01,9,Artemis Medicare Services Limited
6,2020-02-01,21.03,-,Artemis Medicare Services Limited
Latest,2026-01-01,192.98,86,Ashok Leyland Limited
1,2025-02-01,103.92,30,Ashok Leyland Limited
2,2024-02-01,79.85,19,Ashok Leyland Limited
3,2023-02-01,67.31,23,Ashok Leyland Limited
4,2022-02-01,54.51,-7,Ashok Leyland Limited
5,2021-02-01,58.9,86,Ashok Leyland Limited
6,2020-02-01,31.7,-16,Ashok Leyland Limited
7,2019-02-01,37.7,-38,Ashok Leyland Limited
8,2018-02-01,60.54,58,Ashok Leyland Limited
9,2017-02-01,38.21,-,Ashok Leyland Limited
Latest,2026-01-01,2703.7,25,Asian Paints Limited
1,2025-02-01,2156.46,-22,Asian Paints Limited
2,2024-02-01,2760.26,1,Asian Paints Limited
3,2023-02-01,2743.92,-10,Asian Paints Limited
4,2022-02-01,3057.33,40,Asian Paints Limited
5,2021-02-01,2179.67,27,Asian Paints Limited
6,2020-02-01,1709.93,29,Asian Paints Limited
7,2019-02-01,1326.78,27,Asian Paints Limited
8,2018-02-01,1047.9,10,Asian Paints Limited
9,2017-02-01,951.67,-,Asian Paints Limited
Latest,2026-01-01,555.25,39,Aster DM Healthcare Limited
1,2025-02-01,398.88,12,Aster DM Healthcare Limited
2,2024-02-01,357.58,112,Aster DM Healthcare Limited
3,2023-02-01,169.04,30,Aster DM Healthcare Limited
4,2022-02-01,129.56,19,Aster DM Healthcare Limited
5,2021-02-01,108.66,-12,Aster DM Healthcare Limited
6,2020-02-01,123.19,4,Aster DM Healthcare Limited
7,2019-02-01,118.71,-,Aster DM Healthcare Limited
Latest,2026-01-01,909.85,50,Astra Microwave Products Limited
1,2025-02-01,605.77,-1,Astra Microwave Products Limited
2,2024-02-01,614.55,138,Astra Microwave Products Limited
3,2023-02-01,257.99,36,Astra Microwave Products Limited
4,2022-02-01,190.24,77,Astra Microwave Products Limited
5,2021-02-01,107.72,27,Astra Microwave Products Limited
6,2020-02-01,84.82,11,Astra Microwave Products Limited
7,2019-02-01,76.38,-12,Astra Microwave Products Limited
8,2018-02-01,86.76,-23,Astra Microwave Products Limited
9,2017-02-01,112.05,-,Astra Microwave Products Limited
Latest,2026-01-01,8319.0,25,AstraZeneca Pharma India Limited
1,2025-02-01,6675.83,22,AstraZeneca Pharma India Limited
2,2024-02-01,5479.25,66,AstraZeneca Pharma India Limited
3,2023-02-01,3307.94,29,AstraZeneca Pharma India Limited
4,2022-02-01,2573.88,-24,AstraZeneca Pharma India Limited
5,2021-02-01,3387.1,33,AstraZeneca Pharma India Limited
6,2020-02-01,2539.81,27,AstraZeneca Pharma India Limited
7,2019-02-01,1997.05,98,AstraZeneca Pharma India Limited
8,2018-02-01,1008.42,12,AstraZeneca Pharma India Limited
9,2017-02-01,896.87,-,AstraZeneca Pharma India Limited
Latest,2026-01-01,621.2,-,Ather Energy Limited
Latest,2026-01-01,5826.5,10,Atul Limited
1,2025-02-01,5291.66,-14,Atul Limited
2,2024-02-01,6178.9,-11,Atul Limited
3,2023-02-01,6962.32,-24,Atul Limited
4,2022-02-01,9128.19,41,Atul Limited
5,2021-02-01,6454.57,28,Atul Limited
6,2020-02-01,5042.41,54,Atul Limited
7,2019-02-01,3278.12,26,Atul Limited
8,2018-02-01,2605.42,21,Atul Limited
9,2017-02-01,2151.39,-,Atul Limited
Latest,2026-01-01,1132.5,7,Aurobindo Pharma Ltd
1,2025-02-01,1054.34,3,Aurobindo Pharma Ltd
2,2024-02-01,1022.78,124,Aurobindo Pharma Ltd
3,2023-02-01,456.11,-25,Aurobindo Pharma Ltd
4,2022-02-01,609.68,-26,Aurobindo Pharma Ltd
5,2021-02-01,828.89,70,Aurobindo Pharma Ltd
6,2020-02-01,486.84,-29,Aurobindo Pharma Ltd
7,2019-02-01,682.7,16,Aurobindo Pharma Ltd
8,2018-02-01,586.66,-9,Aurobindo Pharma Ltd
9,2017-02-01,644.42,-,Aurobindo Pharma Ltd
Latest,2026-01-01,1939.3,20,Automotive Axles Limited
1,2025-02-01,1612.15,-14,Automotive Axles Limited
2,2024-02-01,1868.08,-12,Automotive Axles Limited
3,2023-02-01,2131.58,48,Automotive Axles Limited
4,2022-02-01,1438.52,31,Automotive Axles Limited
5,2021-02-01,1095.09,71,Automotive Axles Limited
6,2020-02-01,641.03,-42,Automotive Axles Limited
7,2019-02-01,1110.5,-21,Automotive Axles Limited
8,2018-02-01,1398.85,147,Automotive Axles Limited
9,2017-02-01,565.87,-,Automotive Axles Limited
Latest,2026-01-01,3665.6,8,Avenue Supermarts Limited
1,2025-02-01,3403.95,-13,Avenue Supermarts Limited
2,2024-02-01,3918.9,15,Avenue Supermarts Limited
3,2023-02-01,3416.95,-21,Avenue Supermarts Limited
4,2022-02-01,4340.35,45,Avenue Supermarts Limited
5,2021-02-01,2994.2,29,Avenue Supermarts Limited
6,2020-02-01,2323.95,60,Avenue Supermarts Limited
7,2019-02-01,1455.8,8,Avenue Supermarts Limited
8,2018-02-01,1348.15,-,Avenue Supermarts Limited
Latest,2025-08-01,,-,Axtel Industries Limited
1,2025-01-01,449.85,-26,Axtel Industries Limited
2,2024-02-01,604.06,207,Axtel Industries Limited
3,2023-02-01,196.69,-26,Axtel Industries Limited
4,2022-02-01,267.1,-11,Axtel Industries Limited
5,2021-02-01,299.39,157,Axtel Industries Limited
6,2020-02-01,116.46,-1,Axtel Industries Limited
7,2019-02-01,117.69,39,Axtel Industries Limited
8,2018-02-01,84.64,46,Axtel Industries Limited
9,2017-02-01,58.08,-,Axtel Industries Limited
Latest,2026-01-01,1645.4,35,BEML Limited
1,2025-02-01,1219.45,-21,BEML Limited
2,2024-02-01,1541.52,152,BEML Limited
3,2023-02-01,611.03,-5,BEML Limited
4,2022-02-01,641.48,46,BEML Limited
5,2021-02-01,440.07,47,BEML Limited
6,2020-02-01,300.38,-10,BEML Limited
7,2019-02-01,333.35,-31,BEML Limited
8,2018-02-01,486.63,-7,BEML Limited
9,2017-02-01,524.97,-,BEML Limited
Latest,2026-01-01,275.05,-19,BLS International Services Limited
1,2025-02-01,338.13,-7,BLS International Services Limited
2,2024-02-01,364.21,136,BLS International Services Limited
3,2023-02-01,154.05,189,BLS International Services Limited
4,2022-02-01,53.33,102,BLS International Services Limited
5,2021-02-01,26.36,75,BLS International Services Limited
6,2020-02-01,15.08,-36,BLS International Services Limited
7,2019-02-01,23.71,-42,BLS International Services Limited
8,2018-02-01,40.95,-4,BLS International Services Limited
9,2017-02-01,42.44,-,BLS International Services Limited
Latest,2026-01-01,2685.4,74,BSE Limited
1,2025-02-01,1539.71,97,BSE Limited
2,2024-02-01,782.16,445,BSE Limited
3,2023-02-01,143.57,-31,BSE Limited
4,2022-02-01,208.36,243,BSE Limited
5,2021-02-01,60.67,33,BSE Limited
6,2020-02-01,45.71,-17,BSE Limited
7,2019-02-01,55.09,-25,BSE Limited
8,2018-02-01,73.41,-,BSE Limited
Latest,2026-01-01,9413.5,22,Bajaj Auto Limited
1,2025-02-01,7707.56,1,Bajaj Auto Limited
2,2024-02-01,7651.66,123,Bajaj Auto Limited
3,2023-02-01,3436.78,8,Bajaj Auto Limited
4,2022-02-01,3193.99,-4,Bajaj Auto Limited
5,2021-02-01,3321.89,37,Bajaj Auto Limited
6,2020-02-01,2418.64,2,Bajaj Auto Limited
7,2019-02-01,2374.36,-2,Bajaj Auto Limited
8,2018-02-01,2422.79,12,Bajaj Auto Limited
9,2017-02-01,2166.6,-,Bajaj Auto Limited
Latest,2026-01-01,147.96,-9,Bajel Projects Limited
1,2025-02-01,163.11,-25,Bajel Projects Limited
2,2024-02-01,217.25,-,Bajel Projects Limited
Latest,2026-01-01,2408.4,-7,Balkrishna Industries Limited
1,2025-02-01,2603.44,18,Balkrishna Industries Limited
2,2024-02-01,2202.64,11,Balkrishna Industries Limited
3,2023-02-01,1976.68,12,Balkrishna Industries Limited
4,2022-02-01,1763.81,18,Balkrishna Industries Limited
5,2021-02-01,1494.81,45,Balkrishna Industries Limited
6,2020-02-01,1033.62,25,Balkrishna Industries Limited
7,2019-02-01,826.51,-18,Balkrishna Industries Limited
8,2018-02-01,1007.85,68,Balkrishna Industries Limited
9,2017-02-01,599.54,-,Balkrishna Industries Limited
Latest,2026-01-01,549.15,81,Banco Products (India) Limited
1,2025-02-01,303.53,-2,Banco Products (India) Limited
2,2024-02-01,309.47,222,Banco Products (India) Limited
3,2023-02-01,96.12,61,Banco Products (India) Limited
4,2022-02-01,59.52,-4,Banco Products (India) Limited
5,2021-02-01,61.8,124,Banco Products (India) Limited
6,2020-02-01,27.58,-37,Banco Products (India) Limited
7,2019-02-01,44.04,-31,Banco Products (India) Limited
8,2018-02-01,63.91,11,Banco Products (India) Limited
9,2017-02-01,57.72,-,Banco Products (India) Limited
Latest,2026-01-01,4385.2,-5,Bayer CropScience Limited
1,2025-02-01,4608.02,-15,Bayer CropScience Limited
2,2024-02-01,5411.08,36,Bayer CropScience Limited
3,2023-02-01,3981.41,-0,Bayer CropScience Limited
4,2022-02-01,3995.69,-12,Bayer CropScience Limited
5,2021-02-01,4519.91,20,Bayer CropScience Limited
6,2020-02-01,3776.04,1,Bayer CropScience Limited
7,2019-02-01,3724.93,15,Bayer CropScience Limited
8,2018-02-01,3242.59,-1,Bayer CropScience Limited
9,2017-02-01,3284.06,-,Bayer CropScience Limited
Latest,2026-01-01,1408.0,45,Bharat Dynamics Limited
1,2025-02-01,971.66,8,Bharat Dynamics Limited
2,2024-02-01,895.93,96,Bharat Dynamics Limited
3,2023-02-01,457.95,112,Bharat Dynamics Limited
4,2022-02-01,215.76,31,Bharat Dynamics Limited
5,2021-02-01,165.17,32,Bharat Dynamics Limited
6,2020-02-01,125.49,-8,Bharat Dynamics Limited
7,2019-02-01,135.77,-,Bharat Dynamics Limited
Latest,2026-01-01,410.7,68,Bharat Electronics Limited
1,2025-02-01,244.33,21,Bharat Electronics Limited
2,2024-02-01,201.46,121,Bharat Electronics Limited
3,2023-02-01,91.32,38,Bharat Electronics Limited
4,2022-02-01,66.36,58,Bharat Electronics Limited
5,2021-02-01,42.07,91,Bharat Electronics Limited
6,2020-02-01,22.03,-8,Bharat Electronics Limited
7,2019-02-01,23.88,-46,Bharat Electronics Limited
8,2018-02-01,44.08,14,Bharat Electronics Limited
9,2017-02-01,38.81,-,Bharat Electronics Limited
Latest,2026-01-01,1408.8,40,Bharat Forge Ltd
1,2025-02-01,1009.47,-11,Bharat Forge Ltd
2,2024-02-01,1136.08,42,Bharat Forge Ltd
3,2023-02-01,800.24,21,Bharat Forge Ltd
4,2022-02-01,658.64,12,Bharat Forge Ltd
5,2021-02-01,589.41,41,Bharat Forge Ltd
6,2020-02-01,418.8,-14,Bharat Forge Ltd
7,2019-02-01,488.81,-35,Bharat Forge Ltd
8,2018-02-01,746.56,51,Bharat Forge Ltd
9,2017-02-01,493.03,-,Bharat Forge Ltd
Latest,2026-01-01,242.5,36,Bharat Heavy Electricals Limited
1,2025-02-01,178.79,-21,Bharat Heavy Electricals Limited
2,2024-02-01,226.88,227,Bharat Heavy Electricals Limited
3,2023-02-01,69.32,41,Bharat Heavy Electricals Limited
4,2022-02-01,49.19,5,Bharat Heavy Electricals Limited
5,2021-02-01,46.97,56,Bharat Heavy Electricals Limited
6,2020-02-01,30.2,-51,Bharat Heavy Electricals Limited
7,2019-02-01,61.32,-27,Bharat Heavy Electricals Limited
8,2018-02-01,83.72,-16,Bharat Heavy Electricals Limited
9,2017-02-01,99.72,-,Bharat Heavy Electricals Limited
Latest,2026-01-01,1984.7,27,Bharti Airtel Limited
1,2025-02-01,1557.18,41,Bharti Airtel Limited
2,2024-02-01,1107.86,52,Bharti Airtel Limited
3,2023-02-01,728.67,9,Bharti Airtel Limited
4,2022-02-01,670.96,26,Bharti Airtel Limited
5,2021-02-01,533.69,7,Bharti Airtel Limited
6,2020-02-01,500.42,79,Bharti Airtel Limited
7,2019-02-01,279.15,-25,Bharti Airtel Limited
8,2018-02-01,370.6,18,Bharti Airtel Limited
9,2017-02-01,312.95,-,Bharti Airtel Limited
Latest,2026-01-01,1615.2,25,Bharti Hexacom Limited
1,2025-02-01,1297.25,-,Bharti Hexacom Limited
Latest,2026-01-01,167.51,-,BillionBrains Garage Ventures Limited
Latest,2025-09-01,,-,Birla Corporation Limited
1,2024-07-01,,-,Birla Corporation Limited
2,2024-07-01,,-,Birla Corporation Limited
3,2023-02-01,856.48,-20,Birla Corporation Limited
4,2022-02-01,1067.2,30,Birla Corporation Limited
5,2021-02-01,821.43,26,Birla Corporation Limited
6,2020-02-01,651.55,50,Birla Corporation Limited
7,2019-02-01,433.9,-48,Birla Corporation Limited
8,2018-02-01,832.11,30,Birla Corporation Limited
9,2017-02-01,641.88,-,Birla Corporation Limited
Latest,2026-01-01,405.8,-3,BirlaSoft Limited
1,2025-02-01,417.47,-45,BirlaSoft Limited
2,2024-02-01,756.37,185,BirlaSoft Limited
3,2023-02-01,264.94,-32,BirlaSoft Limited
4,2022-02-01,386.82,81,BirlaSoft Limited
5,2021-02-01,213.15,159,BirlaSoft Limited
6,2020-02-01,82.33,-15,BirlaSoft Limited
7,2019-02-01,97.13,-18,BirlaSoft Limited
8,2018-02-01,118.48,62,BirlaSoft Limited
9,2017-02-01,73.33,-,BirlaSoft Limited
Latest,2026-01-01,5298.5,-11,Blue Dart Express Limited
1,2025-02-01,5971.47,-0,Blue Dart Express Limited
2,2024-02-01,5991.22,-2,Blue Dart Express Limited
3,2023-02-01,6138.92,4,Blue Dart Express Limited
4,2022-02-01,5885.95,28,Blue Dart Express Limited
5,2021-02-01,4593.17,71,Blue Dart Express Limited
6,2020-02-01,2688.49,-12,Blue Dart Express Limited
7,2019-02-01,3043.59,-27,Blue Dart Express Limited
8,2018-02-01,4154.23,0,Blue Dart Express Limited
9,2017-02-01,4143.13,-,Blue Dart Express Limited
Latest,2026-01-01,1698.1,-11,Blue Star Limited
1,2025-02-01,1908.48,52,Blue Star Limited
2,2024-02-01,1258.96,78,Blue Star Limited
3,2023-02-01,706.37,36,Blue Star Limited
4,2022-02-01,520.98,24,Blue Star Limited
5,2021-02-01,421.68,10,Blue Star Limited
6,2020-02-01,382.76,31,Blue Star Limited
7,2019-02-01,291.71,-15,Blue Star Limited
8,2018-02-01,344.37,33,Blue Star Limited
9,2017-02-01,258.82,-,Blue Star Limited
Latest,2026-01-01,35265.0,35,Bosch Limited
1,2025-02-01,26188.55,-6,Bosch Limited
2,2024-02-01,27869.25,63,Bosch Limited
3,2023-02-01,17098.19,16,Bosch Limited
4,2022-02-01,14770.92,7,Bosch Limited
5,2021-02-01,13827.79,23,Bosch Limited
6,2020-02-01,11199.22,-36,Bosch Limited
7,2019-02-01,17432.24,2,Bosch Limited
8,2018-02-01,17031.34,-13,Bosch Limited
9,2017-02-01,19530.06,-,Bosch Limited
Latest,2026-01-01,5835.0,29,Britannia Industries Ltd
1,2025-02-01,4536.01,-6,Britannia Industries Ltd
2,2024-02-01,4838.0,13,Britannia Industries Ltd
3,2023-02-01,4274.16,32,Britannia Industries Ltd
4,2022-02-01,3227.68,4,Britannia Industries Ltd
5,2021-02-01,3104.59,17,Britannia Industries Ltd
6,2020-02-01,2653.58,-2,Britannia Industries Ltd
7,2019-02-01,2715.31,23,Britannia Industries Ltd
8,2018-02-01,2209.49,56,Britannia Industries Ltd
9,2017-02-01,1420.6,-,Britannia Industries Ltd
Latest,2026-01-01,344.06,23,Brookfield India Real Estate Trust
1,2025-02-01,280.03,27,Brookfield India Real Estate Trust
2,2024-02-01,221.06,2,Brookfield India Real Estate Trust
3,2023-02-01,216.82,-7,Brookfield India Real Estate Trust
4,2022-02-01,231.92,-,Brookfield India Real Estate Trust
Latest,2026-01-01,925.65,60,CCL Products (India) Limited
1,2025-02-01,576.84,-7,CCL Products (India) Limited
2,2024-02-01,622.03,16,CCL Products (India) Limited
3,2023-02-01,538.04,23,CCL Products (India) Limited
4,2022-02-01,436.06,98,CCL Products (India) Limited
5,2021-02-01,220.01,0,CCL Products (India) Limited
6,2020-02-01,219.04,-15,CCL Products (India) Limited
7,2019-02-01,258.43,-5,CCL Products (India) Limited
8,2018-02-01,270.78,-13,CCL Products (India) Limited
9,2017-02-01,310.39,-,CCL Products (India) Limited
Latest,2026-01-01,3718.2,48,CEAT Limited
1,2025-02-01,2508.83,-10,CEAT Limited
2,2024-02-01,2796.57,108,CEAT Limited
3,2023-02-01,1347.15,42,CEAT Limited
4,2022-02-01,948.4,-38,CEAT Limited
5,2021-02-01,1525.81,59,CEAT Limited
6,2020-02-01,961.98,-5,CEAT Limited
7,2019-02-01,1013.23,-31,CEAT Limited
8,2018-02-01,1476.2,37,CEAT Limited
9,2017-02-01,1080.86,-,CEAT Limited
Latest,2026-01-01,549.1,-4,CG Power and Industrial Solutions Limited
1,2025-02-01,571.46,30,CG Power and Industrial Solutions Limited
2,2024-02-01,441.09,46,CG Power and Industrial Solutions Limited
3,2023-02-01,302.2,78,CG Power and Industrial Solutions Limited
4,2022-02-01,169.54,203,CG Power and Industrial Solutions Limited
5,2021-02-01,55.89,706,CG Power and Industrial Solutions Limited
6,2020-02-01,6.93,-78,CG Power and Industrial Solutions Limited
7,2019-02-01,31.88,-61,CG Power and Industrial Solutions Limited
8,2018-02-01,82.67,21,CG Power and Industrial Solutions Limited
9,2017-02-01,68.26,-,CG Power and Industrial Solutions Limited
Latest,2026-01-01,818.2,-1,Carborundum Universal Limited
1,2025-02-01,828.2,-22,Carborundum Universal Limited
2,2024-02-01,1061.91,10,Carborundum Universal Limited
3,2023-02-01,969.0,22,Carborundum Universal Limited
4,2022-02-01,792.95,59,Carborundum Universal Limited
5,2021-02-01,497.68,57,Carborundum Universal Limited
6,2020-02-01,316.21,-12,Carborundum Universal Limited
7,2019-02-01,358.65,7,Carborundum Universal Limited
8,2018-02-01,334.6,37,Carborundum Universal Limited
9,2017-02-01,243.56,-,Carborundum Universal Limited
Latest,2026-01-01,1326.3,21,Central Depository Services (India) Limited
1,2025-02-01,1098.94,17,Central Depository Services (India) Limited
2,2024-02-01,942.13,96,Central Depository Services (India) Limited
3,2023-02-01,479.5,-26,Central Depository Services (India) Limited
4,2022-02-01,648.47,118,Central Depository Services (India) Limited
5,2021-02-01,297.0,138,Central Depository Services (India) Limited
6,2020-02-01,124.89,24,Central Depository Services (India) Limited
7,2019-02-01,100.94,-31,Central Depository Services (India) Limited
8,2018-02-01,145.46,-,Central Depository Services (India) Limited
Latest,2026-01-01,4939.0,-6,Cera Sanitaryware Limited
1,2025-02-01,5241.22,-30,Cera Sanitaryware Limited
2,2024-02-01,7458.57,17,Cera Sanitaryware Limited
3,2023-02-01,6368.68,52,Cera Sanitaryware Limited
4,2022-02-01,4192.52,12,Cera Sanitaryware Limited
5,2021-02-01,3730.97,56,Cera Sanitaryware Limited
6,2020-02-01,2396.44,4,Cera Sanitaryware Limited
7,2019-02-01,2302.48,-28,Cera Sanitaryware Limited
8,2018-02-01,3201.82,38,Cera Sanitaryware Limited
9,2017-02-01,2321.4,-,Cera Sanitaryware Limited
Latest,2026-01-01,245.2,-39,Chemplast Sanmar Ltd
1,2025-02-01,404.6,-14,Chemplast Sanmar Ltd
2,2024-02-01,470.8,21,Chemplast Sanmar Ltd
3,2023-02-01,387.6,-18,Chemplast Sanmar Ltd
4,2022-02-01,472.05,-,Chemplast Sanmar Ltd
Latest,2025-01-01,478.4,0,Cian Agro Industries & Infrastructure Limited
1,2025-01-01,478.4,1019,Cian Agro Industries & Infrastructure Limited
2,2024-02-01,42.74,-3,Cian Agro Industries & Infrastructure Limited
3,2023-02-01,43.9,-40,Cian Agro Industries & Infrastructure Limited
4,2022-02-01,73.0,117,Cian Agro Industries & Infrastructure Limited
5,2021-02-01,33.65,16,Cian Agro Industries & Infrastructure Limited
6,2020-02-01,29.0,-33,Cian Agro Industries & Infrastructure Limited
7,2019-02-01,43.35,-8,Cian Agro Industries & Infrastructure Limited
8,2018-02-01,47.15,654,Cian Agro Industries & Infrastructure Limited
9,2017-02-01,6.25,-,Cian Agro Industries & Infrastructure Limited
Latest,2026-01-01,1315.0,-6,Cipla Limited
1,2025-02-01,1392.62,-4,Cipla Limited
2,2024-02-01,1452.39,65,Cipla Limited
3,2023-02-01,882.13,-2,Cipla Limited
4,2022-02-01,895.92,18,Cipla Limited
5,2021-02-01,758.09,98,Cipla Limited
6,2020-02-01,383.29,-27,Cipla Limited
7,2019-02-01,525.56,-5,Cipla Limited
8,2018-02-01,556.12,1,Cipla Limited
9,2017-02-01,548.56,-,Cipla Limited
Latest,2026-01-01,1636.4,12,Coforge Limited
1,2025-02-01,1462.22,14,Coforge Limited
2,2024-02-01,1282.4,55,Coforge Limited
3,2023-02-01,827.17,-4,Coforge Limited
4,2022-02-01,861.46,80,Coforge Limited
5,2021-02-01,478.42,52,Coforge Limited
6,2020-02-01,313.89,29,Coforge Limited
7,2019-02-01,243.76,60,Coforge Limited
8,2018-02-01,152.27,106,Coforge Limited
9,2017-02-01,74.05,-,Coforge Limited
Latest,2026-01-01,679.4,10,Computer Age Management Services Limited
1,2025-02-01,618.62,4,Computer Age Management Services Limited
2,2024-02-01,594.8,38,Computer Age Management Services Limited
3,2023-02-01,430.44,-8,Computer Age Management Services Limited
4,2022-02-01,467.55,38,Computer Age Management Services Limited
5,2021-02-01,337.8,-,Computer Age Management Services Limited
Latest,2026-01-01,479.75,-2,Container Corporation of India Limited
1,2025-02-01,490.92,-48,Container Corporation of India Limited
2,2024-02-01,951.61,68,Container Corporation of India Limited
3,2023-02-01,567.45,-0,Container Corporation of India Limited
4,2022-02-01,569.42,8,Container Corporation of India Limited
5,2021-02-01,526.39,11,Container Corporation of India Limited
6,2020-02-01,474.77,9,Container Corporation of India Limited
7,2019-02-01,433.97,-8,Container Corporation of India Limited
8,2018-02-01,473.96,35,Container Corporation of India Limited
9,2017-02-01,349.8,-,Container Corporation of India Limited
Latest,2026-01-01,2247.9,36,Coromandel International Limited
1,2025-02-01,1655.34,55,Coromandel International Limited
2,2024-02-01,1064.81,21,Coromandel International Limited
3,2023-02-01,877.5,18,Coromandel International Limited
4,2022-02-01,745.45,2,Coromandel International Limited
5,2021-02-01,732.24,27,Coromandel International Limited
6,2020-02-01,575.03,41,Coromandel International Limited
7,2019-02-01,409.2,-19,Coromandel International Limited
8,2018-02-01,506.51,71,Coromandel International Limited
9,2017-02-01,296.03,-,Coromandel International Limited
Latest,2026-01-01,3930.4,47,Cummins India Limited
1,2025-02-01,2675.25,0,Cummins India Limited
2,2024-02-01,2663.07,77,Cummins India Limited
3,2023-02-01,1505.17,67,Cummins India Limited
4,2022-02-01,902.32,24,Cummins India Limited
5,2021-02-01,729.51,59,Cummins India Limited
6,2020-02-01,460.05,-25,Cummins India Limited
7,2019-02-01,614.92,-10,Cummins India Limited
8,2018-02-01,684.84,-9,Cummins India Limited
9,2017-02-01,752.9,-,Cummins India Limited
Latest,2026-01-01,1085.8,-12,Cyient Limited
1,2025-02-01,1236.92,-36,Cyient Limited
2,2024-02-01,1945.51,119,Cyient Limited
3,2023-02-01,889.81,19,Cyient Limited
4,2022-02-01,746.37,29,Cyient Limited
5,2021-02-01,578.03,59,Cyient Limited
6,2020-02-01,363.55,-32,Cyient Limited
7,2019-02-01,533.1,2,Cyient Limited
8,2018-02-01,520.48,35,Cyient Limited
9,2017-02-01,385.1,-,Cyient Limited
Latest,2026-01-01,1376.4,20,DR. LAL PATHLABS Limited
1,2025-02-01,1145.61,-1,DR. LAL PATHLABS Limited
2,2024-02-01,1153.53,19,DR. LAL PATHLABS Limited
3,2023-02-01,970.83,-21,DR. LAL PATHLABS Limited
4,2022-02-01,1221.25,10,DR. LAL PATHLABS Limited
5,2021-02-01,1109.54,42,DR. LAL PATHLABS Limited
6,2020-02-01,780.26,62,DR. LAL PATHLABS Limited
7,2019-02-01,481.29,12,DR. LAL PATHLABS Limited
8,2018-02-01,431.14,-6,DR. LAL PATHLABS Limited
9,2017-02-01,458.26,-,DR. LAL PATHLABS Limited
Latest,2026-01-01,2084.9,24,Dalmia Bharat Limited
1,2025-02-01,1682.35,-16,Dalmia Bharat Limited
2,2024-02-01,2006.38,11,Dalmia Bharat Limited
3,2023-02-01,1809.71,18,Dalmia Bharat Limited
4,2022-02-01,1536.58,9,Dalmia Bharat Limited
5,2021-02-01,1404.74,84,Dalmia Bharat Limited
6,2020-02-01,763.2,-32,Dalmia Bharat Limited
7,2019-02-01,1122.96,-,Dalmia Bharat Limited
Latest,2026-01-01,648.55,14,Datamatics Global Services Limited
1,2025-02-01,569.21,-5,Datamatics Global Services Limited
2,2024-02-01,596.77,104,Datamatics Global Services Limited
3,2023-02-01,292.38,19,Datamatics Global Services Limited
4,2022-02-01,245.54,132,Datamatics Global Services Limited
5,2021-02-01,105.8,81,Datamatics Global Services Limited
6,2020-02-01,58.4,-30,Datamatics Global Services Limited
7,2019-02-01,83.98,-29,Datamatics Global Services Limited
8,2018-02-01,118.47,-6,Datamatics Global Services Limited
9,2017-02-01,125.96,-,Datamatics Global Services Limited
Latest,2026-01-01,114.59,-31,Devyani International Limited
1,2025-02-01,165.02,7,Devyani International Limited
2,2024-02-01,153.6,1,Devyani International Limited
3,2023-02-01,152.4,-1,Devyani International Limited
4,2022-02-01,154.4,-,Devyani International Limited
Latest,2025-08-01,,-,Disa India Limited
1,2025-02-01,,-,Disa India Limited
2,2024-02-01,14206.84,83,Disa India Limited
3,2023-02-01,7761.13,42,Disa India Limited
4,2022-02-01,5448.37,31,Disa India Limited
5,2021-02-01,4172.5,1,Disa India Limited
6,2020-02-01,4126.23,-28,Disa India Limited
7,2019-02-01,5703.4,-5,Disa India Limited
8,2018-02-01,5990.79,29,Disa India Limited
9,2017-02-01,4632.38,-,Disa India Limited
Latest,2026-01-01,6011.5,10,Divi's Laboratories Limited
1,2025-02-01,5455.41,58,Divi's Laboratories Limited
2,2024-02-01,3451.8,24,Divi's Laboratories Limited
3,2023-02-01,2773.24,-33,Divi's Laboratories Limited
4,2022-02-01,4154.17,27,Divi's Laboratories Limited
5,2021-02-01,3262.33,61,Divi's Laboratories Limited
6,2020-02-01,2028.68,29,Divi's Laboratories Limited
7,2019-02-01,1576.08,62,Divi's Laboratories Limited
8,2018-02-01,969.91,37,Divi's Laboratories Limited
9,2017-02-01,709.19,-,Divi's Laboratories Limited
Latest,2026-01-01,10360.0,-26,Dixon Technologies (India) Limited
1,2025-02-01,13929.65,109,Dixon Technologies (India) Limited
2,2024-02-01,6678.49,131,Dixon Technologies (India) Limited
3,2023-02-01,2886.54,-33,Dixon Technologies (India) Limited
4,2022-02-01,4309.87,9,Dixon Technologies (India) Limited
5,2021-02-01,3961.15,419,Dixon Technologies (India) Limited
6,2020-02-01,763.0,74,Dixon Technologies (India) Limited
7,2019-02-01,439.13,-36,Dixon Technologies (India) Limited
8,2018-02-01,687.48,-,Dixon Technologies (India) Limited
Latest,2026-01-01,2383.0,-1,Doms Industries Limited
1,2025-02-01,2403.63,59,Doms Industries Limited
2,2024-02-01,1510.87,-,Doms Industries Limited
Latest,2025-11-01,,-,Dr. Agarwal's Eye Hospital Limited
1,2025-01-01,6805.86,111,Dr. Agarwal's Eye Hospital Limited
2,2024-02-01,3218.24,258,Dr. Agarwal's Eye Hospital Limited
3,2023-02-01,897.89,14,Dr. Agarwal's Eye Hospital Limited
4,2022-02-01,787.61,115,Dr. Agarwal's Eye Hospital Limited
5,2021-02-01,366.12,32,Dr. Agarwal's Eye Hospital Limited
6,2020-02-01,277.84,-20,Dr. Agarwal's Eye Hospital Limited
7,2019-02-01,345.64,-45,Dr. Agarwal's Eye Hospital Limited
8,2018-02-01,630.51,121,Dr. Agarwal's Eye Hospital Limited
9,2017-02-01,284.81,-,Dr. Agarwal's Eye Hospital Limited
Latest,2026-01-01,458.7,-,Dr. Agarwal's Health Care Limited
Latest,2026-01-01,1235.6,11,Dr. Reddy's Laboratories Ltd
1,2025-02-01,1109.46,-13,Dr. Reddy's Laboratories Ltd
2,2024-02-01,1269.24,50,Dr. Reddy's Laboratories Ltd
3,2023-02-01,846.21,7,Dr. Reddy's Laboratories Ltd
4,2022-02-01,791.15,-8,Dr. Reddy's Laboratories Ltd
5,2021-02-01,857.92,52,Dr. Reddy's Laboratories Ltd
6,2020-02-01,563.67,12,Dr. Reddy's Laboratories Ltd
7,2019-02-01,502.92,19,Dr. Reddy's Laboratories Ltd
8,2018-02-01,423.86,-21,Dr. Reddy's Laboratories Ltd
9,2017-02-01,535.95,-,Dr. Reddy's Laboratories Ltd
Latest,2026-01-01,928.0,-12,Dynacons Systems and Solutions Limited
1,2025-02-01,1050.62,21,Dynacons Systems and Solutions Limited
2,2024-02-01,870.33,146,Dynacons Systems and Solutions Limited
3,2023-02-01,354.0,66,Dynacons Systems and Solutions Limited
4,2022-02-01,213.02,229,Dynacons Systems and Solutions Limited
5,2021-02-01,64.8,205,Dynacons Systems and Solutions Limited
6,2020-02-01,21.28,-19,Dynacons Systems and Solutions Limited
7,2019-02-01,26.37,-36,Dynacons Systems and Solutions Limited
8,2018-02-01,41.36,134,Dynacons Systems and Solutions Limited
9,2017-02-01,17.71,-,Dynacons Systems and Solutions Limited
Latest,2026-01-01,879.6,32,E.I.D Parry (India) Limited
1,2025-02-01,664.1,5,E.I.D Parry (India) Limited
2,2024-02-01,629.5,27,E.I.D Parry (India) Limited
3,2023-02-01,494.35,24,E.I.D Parry (India) Limited
4,2022-02-01,398.37,32,E.I.D Parry (India) Limited
5,2021-02-01,302.42,69,E.I.D Parry (India) Limited
6,2020-02-01,179.28,3,E.I.D Parry (India) Limited
7,2019-02-01,173.5,-41,E.I.D Parry (India) Limited
8,2018-02-01,292.49,11,E.I.D Parry (India) Limited
9,2017-02-01,262.68,-,E.I.D Parry (India) Limited
Latest,2026-01-01,2030.5,12,E2E Networks Limited
1,2025-02-01,1810.9,75,E2E Networks Limited
2,2024-02-01,1035.15,642,E2E Networks Limited
3,2023-02-01,139.5,23,E2E Networks Limited
4,2022-02-01,113.4,155,E2E Networks Limited
5,2021-02-01,44.5,130,E2E Networks Limited
6,2020-02-01,19.35,-52,E2E Networks Limited
7,2019-02-01,40.25,-,E2E Networks Limited
Latest,2026-01-01,325.85,4,EIH Associated Hotels Limited
1,2025-02-01,314.43,-11,EIH Associated Hotels Limited
2,2024-02-01,352.86,91,EIH Associated Hotels Limited
3,2023-02-01,184.78,3,EIH Associated Hotels Limited
4,2022-02-01,179.33,38,EIH Associated Hotels Limited
5,2021-02-01,129.63,3,EIH Associated Hotels Limited
6,2020-02-01,126.04,-22,EIH Associated Hotels Limited
7,2019-02-01,161.91,-43,EIH Associated Hotels Limited
8,2018-02-01,286.31,88,EIH Associated Hotels Limited
9,2017-02-01,152.01,-,EIH Associated Hotels Limited
Latest,2026-01-01,322.4,1,EIH Limited
1,2025-02-01,317.99,-21,EIH Limited
2,2024-02-01,401.25,158,EIH Limited
3,2023-02-01,155.38,21,EIH Limited
4,2022-02-01,128.26,34,EIH Limited
5,2021-02-01,95.55,-25,EIH Limited
6,2020-02-01,127.78,-29,EIH Limited
7,2019-02-01,178.77,7,EIH Limited
8,2018-02-01,166.5,71,EIH Limited
9,2017-02-01,97.51,-,EIH Limited
Latest,2026-01-01,332.5,-45,EMS Limited
1,2025-02-01,609.03,23,EMS Limited
2,2024-02-01,495.76,-,EMS Limited
Latest,2026-01-01,202.69,6,EPL Limited
1,2025-02-01,191.25,7,EPL Limited
2,2024-02-01,179.19,19,EPL Limited
3,2023-02-01,150.32,4,EPL Limited
4,2022-02-01,144.45,-25,EPL Limited
5,2021-02-01,192.26,27,EPL Limited
6,2020-02-01,151.43,56,EPL Limited
7,2019-02-01,97.01,-15,EPL Limited
8,2018-02-01,114.24,17,EPL Limited
9,2017-02-01,97.33,-,EPL Limited
Latest,2025-01-01,902.35,0,Eco Recycling Limited
1,2025-01-01,902.35,87,Eco Recycling Limited
2,2024-02-01,481.65,280,Eco Recycling Limited
3,2023-02-01,126.6,9,Eco Recycling Limited
4,2022-02-01,116.23,141,Eco Recycling Limited
5,2021-02-01,48.21,37,Eco Recycling Limited
6,2020-02-01,35.26,-6,Eco Recycling Limited
7,2019-02-01,37.45,-34,Eco Recycling Limited
8,2018-02-01,57.07,55,Eco Recycling Limited
9,2017-02-01,36.87,-,Eco Recycling Limited
Latest,2026-01-01,6973.0,48,Eicher Motors Limited
1,2025-02-01,4712.5,27,Eicher Motors Limited
2,2024-02-01,3702.83,23,Eicher Motors Limited
3,2023-02-01,2999.44,21,Eicher Motors Limited
4,2022-02-01,2484.49,4,Eicher Motors Limited
5,2021-02-01,2382.17,52,Eicher Motors Limited
6,2020-02-01,1570.47,-16,Eicher Motors Limited
7,2019-02-01,1865.74,-27,Eicher Motors Limited
8,2018-02-01,2566.07,14,Eicher Motors Limited
9,2017-02-01,2249.05,-,Eicher Motors Limited
Latest,2026-01-01,375.0,-9,Elecon Engineering Company Limited
1,2025-02-01,412.89,-17,Elecon Engineering Company Limited
2,2024-02-01,498.27,155,Elecon Engineering Company Limited
3,2023-02-01,195.14,167,Elecon Engineering Company Limited
4,2022-02-01,73.02,161,Elecon Engineering Company Limited
5,2021-02-01,27.97,99,Elecon Engineering Company Limited
6,2020-02-01,14.03,-50,Elecon Engineering Company Limited
7,2019-02-01,28.05,-35,Elecon Engineering Company Limited
8,2018-02-01,43.03,66,Elecon Engineering Company Limited
9,2017-02-01,25.87,-,Elecon Engineering Company Limited
Latest,2026-01-01,2357.0,34,Endurance Technologies Limited
1,2025-02-01,1758.83,-5,Endurance Technologies Limited
2,2024-02-01,1843.65,49,Endurance Technologies Limited
3,2023-02-01,1234.76,-5,Endurance Technologies Limited
4,2022-02-01,1297.7,-8,Endurance Technologies Limited
5,2021-02-01,1414.67,48,Endurance Technologies Limited
6,2020-02-01,957.32,-24,Endurance Technologies Limited
7,2019-02-01,1258.37,-6,Endurance Technologies Limited
8,2018-02-01,1333.28,96,Endurance Technologies Limited
9,2017-02-01,680.58,-,Endurance Technologies Limited
Latest,2026-01-01,236.2,-36,Epack Durable Limited
1,2025-02-01,369.55,100,Epack Durable Limited
2,2024-02-01,184.65,-,Epack Durable Limited
Latest,2026-01-01,121.4,-36,Esconet Technologies Limited
1,2025-02-01,189.4,-,Esconet Technologies Limited
Latest,2026-01-01,3500.4,23,Escorts Kubota Limited
1,2025-02-01,2844.17,1,Escorts Kubota Limited
2,2024-02-01,2819.36,38,Escorts Kubota Limited
3,2023-02-01,2041.87,13,Escorts Kubota Limited
4,2022-02-01,1812.35,42,Escorts Kubota Limited
5,2021-02-01,1275.5,68,Escorts Kubota Limited
6,2020-02-01,757.34,19,Escorts Kubota Limited
7,2019-02-01,635.44,-26,Escorts Kubota Limited
8,2018-02-01,860.85,99,Escorts Kubota Limited
9,2017-02-01,431.96,-,Escorts Kubota Limited
Latest,2026-01-01,258.7,16,Eternal Limited
1,2025-02-01,222.1,34,Eternal Limited
2,2024-02-01,165.45,209,Eternal Limited
3,2023-02-01,53.5,-33,Eternal Limited
4,2022-02-01,79.95,-,Eternal Limited
Latest,2026-01-01,2476.5,-2,Ethos Limited
1,2025-02-01,2518.75,-3,Ethos Limited
2,2024-02-01,2600.6,162,Ethos Limited
3,2023-02-01,990.95,-,Ethos Limited
Latest,2026-01-01,781.95,13,Fertilisers and Chemicals Travancore Ltd
1,2025-02-01,691.43,-3,Fertilisers and Chemicals Travancore Ltd
2,2024-02-01,714.96,206,Fertilisers and Chemicals Travancore Ltd
3,2023-02-01,233.38,107,Fertilisers and Chemicals Travancore Ltd
4,2022-02-01,112.48,28,Fertilisers and Chemicals Travancore Ltd
5,2021-02-01,87.56,172,Fertilisers and Chemicals Travancore Ltd
6,2020-02-01,32.19,2,Fertilisers and Chemicals Travancore Ltd
7,2019-02-01,31.55,-31,Fertilisers and Chemicals Travancore Ltd
8,2018-02-01,45.85,37,Fertilisers and Chemicals Travancore Ltd
9,2017-02-01,33.39,-,Fertilisers and Chemicals Travancore Ltd
Latest,2026-01-01,2145.6,59,Fiem Industries Limited
1,2025-02-01,1352.46,19,Fiem Industries Limited
2,2024-02-01,1132.73,53,Fiem Industries Limited
3,2023-02-01,740.22,55,Fiem Industries Limited
4,2022-02-01,476.06,90,Fiem Industries Limited
5,2021-02-01,250.05,29,Fiem Industries Limited
6,2020-02-01,193.23,3,Fiem Industries Limited
7,2019-02-01,186.84,-50,Fiem Industries Limited
8,2018-02-01,376.33,-5,Fiem Industries Limited
9,2017-02-01,398.08,-,Fiem Industries Limited
Latest,2026-01-01,19325.0,190,Force Motors Limited
1,2025-02-01,6656.45,-1,Force Motors Limited
2,2024-02-01,6717.71,460,Force Motors Limited
3,2023-02-01,1199.86,19,Force Motors Limited
4,2022-02-01,1011.66,-21,Force Motors Limited
5,2021-02-01,1280.28,23,Force Motors Limited
6,2020-02-01,1041.76,-,Force Motors Limited
Latest,2026-01-01,844.0,38,Fortis Healthcare Limited
1,2025-02-01,611.98,50,Fortis Healthcare Limited
2,2024-02-01,406.68,53,Fortis Healthcare Limited
3,2023-02-01,265.58,9,Fortis Healthcare Limited
4,2022-02-01,243.96,55,Fortis Healthcare Limited
5,2021-02-01,157.36,3,Fortis Healthcare Limited
6,2020-02-01,153.09,14,Fortis Healthcare Limited
7,2019-02-01,133.91,-16,Fortis Healthcare Limited
8,2018-02-01,158.8,-17,Fortis Healthcare Limited
9,2017-02-01,191.59,-,Fortis Healthcare Limited
Latest,2026-01-01,947.3,59,G M Breweries Limited
1,2025-02-01,596.21,23,G M Breweries Limited
2,2024-02-01,482.98,14,G M Breweries Limited
3,2023-02-01,422.07,-11,G M Breweries Limited
4,2022-02-01,473.75,47,G M Breweries Limited
5,2021-02-01,323.16,9,G M Breweries Limited
6,2020-02-01,295.89,-27,G M Breweries Limited
7,2019-02-01,407.54,-26,G M Breweries Limited
8,2018-02-01,550.59,90,G M Breweries Limited
9,2017-02-01,289.83,-,G M Breweries Limited
Latest,2026-01-01,342.65,15,G N A Axles Limited
1,2025-02-01,296.93,-29,G N A Axles Limited
2,2024-02-01,419.93,-4,G N A Axles Limited
3,2023-02-01,438.57,86,G N A Axles Limited
4,2022-02-01,235.39,26,G N A Axles Limited
5,2021-02-01,186.57,80,G N A Axles Limited
6,2020-02-01,103.48,-28,G N A Axles Limited
7,2019-02-01,144.16,-31,G N A Axles Limited
8,2018-02-01,209.89,125,G N A Axles Limited
9,2017-02-01,93.47,-,G N A Axles Limited
Latest,2026-01-01,2712.7,103,GE Vernova T&D India Limited
1,2025-02-01,1335.85,47,GE Vernova T&D India Limited
2,2024-02-01,908.65,805,GE Vernova T&D India Limited
3,2023-02-01,100.4,14,GE Vernova T&D India Limited
4,2022-02-01,88.18,-31,GE Vernova T&D India Limited
5,2021-02-01,127.46,6,GE Vernova T&D India Limited
6,2020-02-01,120.14,-58,GE Vernova T&D India Limited
7,2019-02-01,285.94,-29,GE Vernova T&D India Limited
8,2018-02-01,400.81,37,GE Vernova T&D India Limited
9,2017-02-01,291.85,-,GE Vernova T&D India Limited
Latest,2026-01-01,526.8,-7,GHCL Limited
1,2025-02-01,566.97,16,GHCL Limited
2,2024-02-01,490.15,3,GHCL Limited
3,2023-02-01,477.39,28,GHCL Limited
4,2022-02-01,373.72,96,GHCL Limited
5,2021-02-01,190.58,30,GHCL Limited
6,2020-02-01,146.13,-21,GHCL Limited
7,2019-02-01,185.73,-22,GHCL Limited
8,2018-02-01,237.95,12,GHCL Limited
9,2017-02-01,212.43,-,GHCL Limited
Latest,2026-01-01,70.67,-5,GHCL Textiles Limited
1,2025-02-01,74.18,-15,GHCL Textiles Limited
2,2024-02-01,86.84,-,GHCL Textiles Limited
Latest,2026-01-01,250.95,-11,GOCL Corporation Limited
1,2025-02-01,280.75,-39,GOCL Corporation Limited
2,2024-02-01,459.71,55,GOCL Corporation Limited
3,2023-02-01,297.36,22,GOCL Corporation Limited
4,2022-02-01,243.09,10,GOCL Corporation Limited
5,2021-02-01,220.69,-9,GOCL Corporation Limited
6,2020-02-01,243.63,6,GOCL Corporation Limited
7,2019-02-01,230.51,-54,GOCL Corporation Limited
8,2018-02-01,499.45,65,GOCL Corporation Limited
9,2017-02-01,303.19,-,GOCL Corporation Limited
Latest,2026-01-01,129.4,0,GPT HEALTHCARE LIMITED
1,2025-02-01,128.8,-,GPT HEALTHCARE LIMITED
Latest,2026-01-01,7.0,-18,GTL Limited
1,2025-02-01,8.52,-31,GTL Limited
2,2024-02-01,12.3,137,GTL Limited
3,2023-02-01,5.2,-67,GTL Limited
4,2022-02-01,15.6,131,GTL Limited
5,2021-02-01,6.75,350,GTL Limited
6,2020-02-01,1.5,-68,GTL Limited
7,2019-02-01,4.65,-64,GTL Limited
8,2018-02-01,12.9,-31,GTL Limited
9,2017-02-01,18.7,-,GTL Limited
Latest,2026-01-01,900.7,95,Gabriel India Limited
1,2025-02-01,461.95,36,Gabriel India Limited
2,2024-02-01,340.3,129,Gabriel India Limited
3,2023-02-01,148.77,40,Gabriel India Limited
4,2022-02-01,106.48,-3,Gabriel India Limited
5,2021-02-01,109.35,23,Gabriel India Limited
6,2020-02-01,88.93,-34,Gabriel India Limited
7,2019-02-01,134.91,-7,Gabriel India Limited
8,2018-02-01,144.72,38,Gabriel India Limited
9,2017-02-01,104.62,-,Gabriel India Limited
Latest,2026-01-01,682.65,-48,Ganesha Ecosphere Limited
1,2025-02-01,1309.35,23,Ganesha Ecosphere Limited
2,2024-02-01,1066.1,21,Ganesha Ecosphere Limited
3,2023-02-01,883.44,42,Ganesha Ecosphere Limited
4,2022-02-01,621.92,7,Ganesha Ecosphere Limited
5,2021-02-01,580.6,87,Ganesha Ecosphere Limited
6,2020-02-01,310.54,30,Ganesha Ecosphere Limited
7,2019-02-01,238.1,-29,Ganesha Ecosphere Limited
8,2018-02-01,334.09,63,Ganesha Ecosphere Limited
9,2017-02-01,204.61,-,Ganesha Ecosphere Limited
Latest,2026-01-01,2234.8,80,Garden Reach Shipbuilders & Engineers Limited
1,2025-02-01,1243.36,56,Garden Reach Shipbuilders & Engineers Limited
2,2024-02-01,797.07,100,Garden Reach Shipbuilders & Engineers Limited
3,2023-02-01,398.81,94,Garden Reach Shipbuilders & Engineers Limited
4,2022-02-01,206.0,13,Garden Reach Shipbuilders & Engineers Limited
5,2021-02-01,181.95,37,Garden Reach Shipbuilders & Engineers Limited
6,2020-02-01,132.8,89,Garden Reach Shipbuilders & Engineers Limited
7,2019-02-01,70.23,-,Garden Reach Shipbuilders & Engineers Limited
Latest,2026-01-01,2935.7,-22,Garware Hi-Tech Films Limited
1,2025-02-01,3757.6,99,Garware Hi-Tech Films Limited
2,2024-02-01,1890.85,212,Garware Hi-Tech Films Limited
3,2023-02-01,605.37,-,Garware Hi-Tech Films Limited
Latest,2026-01-01,256.7,1,Genus Power Infrastructures Limited
1,2025-02-01,253.67,2,Genus Power Infrastructures Limited
2,2024-02-01,248.0,182,Genus Power Infrastructures Limited
3,2023-02-01,87.98,39,Genus Power Infrastructures Limited
4,2022-02-01,63.27,70,Genus Power Infrastructures Limited
5,2021-02-01,37.11,55,Genus Power Infrastructures Limited
6,2020-02-01,23.92,-17,Genus Power Infrastructures Limited
7,2019-02-01,28.83,-50,Genus Power Infrastructures Limited
8,2018-02-01,58.21,58,Genus Power Infrastructures Limited
9,2017-02-01,36.94,-,Genus Power Infrastructures Limited
Latest,2026-01-01,1967.7,54,Glenmark Pharmaceuticals Limited
1,2025-02-01,1275.82,38,Glenmark Pharmaceuticals Limited
2,2024-02-01,921.52,116,Glenmark Pharmaceuticals Limited
3,2023-02-01,425.84,-4,Glenmark Pharmaceuticals Limited
4,2022-02-01,442.6,-3,Glenmark Pharmaceuticals Limited
5,2021-02-01,457.89,69,Glenmark Pharmaceuticals Limited
6,2020-02-01,271.24,-53,Glenmark Pharmaceuticals Limited
7,2019-02-01,579.78,10,Glenmark Pharmaceuticals Limited
8,2018-02-01,527.69,-41,Glenmark Pharmaceuticals Limited
9,2017-02-01,893.92,-,Glenmark Pharmaceuticals Limited
Latest,2026-01-01,1030.0,-10,Global Health Limited
1,2025-02-01,1149.24,-16,Global Health Limited
2,2024-02-01,1363.71,162,Global Health Limited
3,2023-02-01,520.51,-,Global Health Limited
Latest,2026-01-01,557.45,-31,Gokaldas Exports Limited
1,2025-02-01,813.55,-4,Gokaldas Exports Limited
2,2024-02-01,844.95,120,Gokaldas Exports Limited
3,2023-02-01,384.25,11,Gokaldas Exports Limited
4,2022-02-01,345.0,311,Gokaldas Exports Limited
5,2021-02-01,83.84,39,Gokaldas Exports Limited
6,2020-02-01,60.27,-17,Gokaldas Exports Limited
7,2019-02-01,72.51,-24,Gokaldas Exports Limited
8,2018-02-01,95.23,60,Gokaldas Exports Limited
9,2017-02-01,59.57,-,Gokaldas Exports Limited
Latest,2026-01-01,2759.0,20,Grasim Industries Ltd
1,2025-02-01,2298.29,6,Grasim Industries Ltd
2,2024-02-01,2175.1,40,Grasim Industries Ltd
3,2023-02-01,1552.08,-1,Grasim Industries Ltd
4,2022-02-01,1561.93,34,Grasim Industries Ltd
5,2021-02-01,1166.3,76,Grasim Industries Ltd
6,2020-02-01,663.5,-11,Grasim Industries Ltd
7,2019-02-01,743.13,-32,Grasim Industries Ltd
8,2018-02-01,1096.02,51,Grasim Industries Ltd
9,2017-02-01,725.97,-,Grasim Industries Ltd
Latest,2026-01-01,1549.9,-2,Gravita India Limited
1,2025-02-01,1589.39,68,Gravita India Limited
2,2024-02-01,943.98,110,Gravita India Limited
3,2023-02-01,450.55,37,Gravita India Limited
4,2022-02-01,330.0,265,Gravita India Limited
5,2021-02-01,90.43,76,Gravita India Limited
6,2020-02-01,51.27,-18,Gravita India Limited
7,2019-02-01,62.85,-57,Gravita India Limited
8,2018-02-01,145.41,241,Gravita India Limited
9,2017-02-01,42.7,-,Gravita India Limited
Latest,2026-01-01,32.74,-,Groww Nifty Railway PSU ETF
Latest,2026-01-01,135.93,31,Gujarat Ambuja Exports Limited
1,2025-02-01,103.54,-47,Gujarat Ambuja Exports Limited
2,2024-02-01,195.34,72,Gujarat Ambuja Exports Limited
3,2023-02-01,113.26,18,Gujarat Ambuja Exports Limited
4,2022-02-01,95.91,56,Gujarat Ambuja Exports Limited
5,2021-02-01,61.6,61,Gujarat Ambuja Exports Limited
6,2020-02-01,38.16,-27,Gujarat Ambuja Exports Limited
7,2019-02-01,52.42,-20,Gujarat Ambuja Exports Limited
8,2018-02-01,65.8,158,Gujarat Ambuja Exports Limited
9,2017-02-01,25.48,-,Gujarat Ambuja Exports Limited
Latest,2026-01-01,99.36,-,Gujarat Kidney & Super Speciality Ltd
Latest,2026-01-01,706.1,63,HBL Engineering Limited
1,2025-02-01,432.59,-,HBL Engineering Limited
Latest,2026-01-01,1707.0,12,HCL Technologies Limited
1,2025-02-01,1521.72,-2,HCL Technologies Limited
2,2024-02-01,1548.2,61,HCL Technologies Limited
3,2023-02-01,960.75,0,HCL Technologies Limited
4,2022-02-01,958.9,29,HCL Technologies Limited
5,2021-02-01,743.49,73,HCL Technologies Limited
6,2020-02-01,430.56,2,HCL Technologies Limited
7,2019-02-01,420.06,13,HCL Technologies Limited
8,2018-02-01,372.45,14,HCL Technologies Limited
9,2017-02-01,325.85,-,HCL Technologies Limited
Latest,2026-01-01,131.88,80,HDFC Gold ETF
1,2025-02-01,73.16,35,HDFC Gold ETF
2,2024-02-01,54.18,-,HDFC Gold ETF
Latest,2026-01-01,294.07,223,HDFC Silver ETF
1,2025-02-01,90.94,-,HDFC Silver ETF
Latest,2026-01-01,618.35,23,Healthcare Global Enterprises Limited
1,2025-02-01,501.65,39,Healthcare Global Enterprises Limited
2,2024-02-01,361.65,29,Healthcare Global Enterprises Limited
3,2023-02-01,279.3,22,Healthcare Global Enterprises Limited
4,2022-02-01,228.2,35,Healthcare Global Enterprises Limited
5,2021-02-01,168.8,52,Healthcare Global Enterprises Limited
6,2020-02-01,111.1,-43,Healthcare Global Enterprises Limited
7,2019-02-01,195.4,-36,Healthcare Global Enterprises Limited
8,2018-02-01,304.4,29,Healthcare Global Enterprises Limited
9,2017-02-01,236.3,-,Healthcare Global Enterprises Limited
Latest,2026-01-01,5384.0,52,Hero MotoCorp Limited
1,2025-02-01,3537.51,-14,Hero MotoCorp Limited
2,2024-02-01,4132.28,90,Hero MotoCorp Limited
3,2023-02-01,2176.4,-1,Hero MotoCorp Limited
4,2022-02-01,2203.85,-19,Hero MotoCorp Limited
5,2021-02-01,2712.7,63,Hero MotoCorp Limited
6,2020-02-01,1663.64,-19,Hero MotoCorp Limited
7,2019-02-01,2064.8,-25,Hero MotoCorp Limited
8,2018-02-01,2751.52,17,Hero MotoCorp Limited
9,2017-02-01,2342.8,-,Hero MotoCorp Limited
Latest,2026-01-01,194.56,-44,Hikal Limited
1,2025-02-01,349.06,25,Hikal Limited
2,2024-02-01,278.3,-5,Hikal Limited
3,2023-02-01,291.76,-19,Hikal Limited
4,2022-02-01,360.64,132,Hikal Limited
5,2021-02-01,155.21,24,Hikal Limited
6,2020-02-01,125.43,-19,Hikal Limited
7,2019-02-01,154.91,-3,Hikal Limited
8,2018-02-01,159.6,18,Hikal Limited
9,2017-02-01,135.18,-,Hikal Limited
Latest,2026-01-01,950.3,51,Hindalco Industries Limited
1,2025-02-01,629.73,27,Hindalco Industries Limited
2,2024-02-01,497.33,27,Hindalco Industries Limited
3,2023-02-01,391.48,-30,Hindalco Industries Limited
4,2022-02-01,557.54,70,Hindalco Industries Limited
5,2021-02-01,328.36,119,Hindalco Industries Limited
6,2020-02-01,149.69,-20,Hindalco Industries Limited
7,2019-02-01,186.67,-20,Hindalco Industries Limited
8,2018-02-01,232.8,34,Hindalco Industries Limited
9,2017-02-01,174.09,-,Hindalco Industries Limited
Latest,2026-01-01,405.25,-23,Hinduja Global Solutions Limited
1,2025-02-01,526.75,-42,Hinduja Global Solutions Limited
2,2024-02-01,908.89,-29,Hinduja Global Solutions Limited
3,2023-02-01,1288.3,11,Hinduja Global Solutions Limited
4,2022-02-01,1157.21,126,Hinduja Global Solutions Limited
5,2021-02-01,511.68,46,Hinduja Global Solutions Limited
6,2020-02-01,349.9,34,Hinduja Global Solutions Limited
7,2019-02-01,261.14,-30,Hinduja Global Solutions Limited
8,2018-02-01,374.5,49,Hinduja Global Solutions Limited
9,2017-02-01,251.44,-,Hinduja Global Solutions Limited
Latest,2026-01-01,4305.7,41,Hindustan Aeronautics Limited
1,2025-02-01,3055.69,1,Hindustan Aeronautics Limited
2,2024-02-01,3021.06,142,Hindustan Aeronautics Limited
3,2023-02-01,1247.19,91,Hindustan Aeronautics Limited
4,2022-02-01,651.76,31,Hindustan Aeronautics Limited
5,2021-02-01,498.38,71,Hindustan Aeronautics Limited
6,2020-02-01,290.99,8,Hindustan Aeronautics Limited
7,2019-02-01,269.47,-,Hindustan Aeronautics Limited
Latest,2026-01-01,2409.5,12,Hindustan Unilever Limited
1,2025-02-01,2150.55,-7,Hindustan Unilever Limited
2,2024-02-01,2318.74,-0,Hindustan Unilever Limited
3,2023-02-01,2328.98,15,Hindustan Unilever Limited
4,2022-02-01,2024.29,3,Hindustan Unilever Limited
5,2021-02-01,1960.64,-0,Hindustan Unilever Limited
6,2020-02-01,1965.18,27,Hindustan Unilever Limited
7,2019-02-01,1546.41,33,Hindustan Unilever Limited
8,2018-02-01,1160.67,55,Hindustan Unilever Limited
9,2017-02-01,751.01,-,Hindustan Unilever Limited
Latest,2026-01-01,2263.2,32,Hyundai Motor India Limited
1,2025-02-01,1713.31,-,Hyundai Motor India Limited
Latest,2026-01-01,143.04,10,ICICI Prudential Nifty Healthcare ETF
1,2025-02-01,129.54,7,ICICI Prudential Nifty Healthcare ETF
2,2024-02-01,121.45,-,ICICI Prudential Nifty Healthcare ETF
Latest,2026-01-01,11.52,40,ICICI Prudential Nifty Metal ETF
1,2025-02-01,8.23,-,ICICI Prudential Nifty Metal ETF
Latest,2026-01-01,11.42,17,ICICI Prudential Nifty Oil & Gas ETF
1,2025-02-01,9.74,-,ICICI Prudential Nifty Oil & Gas ETF
Latest,2026-01-01,1351.2,26,IFB Industries Ltd
1,2025-02-01,1070.55,-22,IFB Industries Ltd
2,2024-02-01,1376.15,67,IFB Industries Ltd
3,2023-02-01,823.85,-7,IFB Industries Ltd
4,2022-02-01,890.1,-27,IFB Industries Ltd
5,2021-02-01,1220.3,156,IFB Industries Ltd
6,2020-02-01,476.55,-43,IFB Industries Ltd
7,2019-02-01,830.8,-42,IFB Industries Ltd
8,2018-02-01,1435.55,137,IFB Industries Ltd
9,2017-02-01,604.8,-,IFB Industries Ltd
Latest,2026-01-01,1462.8,8,IPCA Laboratories Limited
1,2025-02-01,1353.47,14,IPCA Laboratories Limited
2,2024-02-01,1188.22,48,IPCA Laboratories Limited
3,2023-02-01,803.05,-17,IPCA Laboratories Limited
4,2022-02-01,970.9,7,IPCA Laboratories Limited
5,2021-02-01,911.41,37,IPCA Laboratories Limited
6,2020-02-01,665.81,69,IPCA Laboratories Limited
7,2019-02-01,394.81,21,IPCA Laboratories Limited
8,2018-02-01,327.61,22,IPCA Laboratories Limited
9,2017-02-01,269.05,-,IPCA Laboratories Limited
Latest,2026-01-01,182.21,11,ITC Hotels Limited
1,2025-02-01,163.81,-,ITC Hotels Limited
Latest,2026-01-01,323.4,-15,ITC Limited
1,2025-02-01,381.83,4,ITC Limited
2,2024-02-01,365.76,12,ITC Limited
3,2023-02-01,326.31,83,ITC Limited
4,2022-02-01,178.25,12,ITC Limited
5,2021-02-01,159.67,9,ITC Limited
6,2020-02-01,146.88,-27,ITC Limited
7,2019-02-01,201.24,6,ITC Limited
8,2018-02-01,189.46,3,ITC Limited
9,2017-02-01,184.53,-,ITC Limited
Latest,2026-01-01,401.3,11,Ideaforge Technology Limited
1,2025-02-01,361.65,-55,Ideaforge Technology Limited
2,2024-02-01,802.65,-,Ideaforge Technology Limited
Latest,2026-01-01,812.6,56,India Glycols Limited
1,2025-02-01,522.35,24,India Glycols Limited
2,2024-02-01,422.64,48,India Glycols Limited
3,2023-02-01,284.87,-23,India Glycols Limited
4,2022-02-01,369.91,54,India Glycols Limited
5,2021-02-01,239.99,49,India Glycols Limited
6,2020-02-01,160.71,35,India Glycols Limited
7,2019-02-01,118.62,-47,India Glycols Limited
8,2018-02-01,221.86,200,India Glycols Limited
9,2017-02-01,73.97,-,India Glycols Limited
Latest,2026-01-01,165.31,27,India Grid Trust
1,2025-02-01,129.94,17,India Grid Trust
2,2024-02-01,110.96,13,India Grid Trust
3,2023-02-01,98.22,-1,India Grid Trust
4,2022-02-01,99.45,22,India Grid Trust
5,2021-02-01,81.52,47,India Grid Trust
6,2020-02-01,55.57,35,India Grid Trust
7,2019-02-01,41.3,0,India Grid Trust
8,2018-02-01,41.23,-,India Grid Trust
Latest,2026-01-01,617.8,-7,Indian Railway Catering and Tourism Corporation Limited
1,2025-02-01,662.52,-27,Indian Railway Catering and Tourism Corporation Limited
2,2024-02-01,907.3,54,Indian Railway Catering and Tourism Corporation Limited
3,2023-02-01,588.8,-24,Indian Railway Catering and Tourism Corporation Limited
4,2022-02-01,778.54,130,Indian Railway Catering and Tourism Corporation Limited
5,2021-02-01,338.08,2,Indian Railway Catering and Tourism Corporation Limited
6,2020-02-01,332.67,-,Indian Railway Catering and Tourism Corporation Limited
Latest,2026-01-01,361.0,2,Indraprastha Medical Corporation Limited
1,2025-02-01,355.0,101,Indraprastha Medical Corporation Limited
2,2024-02-01,176.38,132,Indraprastha Medical Corporation Limited
3,2023-02-01,76.07,24,Indraprastha Medical Corporation Limited
4,2022-02-01,61.53,24,Indraprastha Medical Corporation Limited
5,2021-02-01,49.44,34,Indraprastha Medical Corporation Limited
6,2020-02-01,37.02,13,Indraprastha Medical Corporation Limited
7,2019-02-01,32.85,-29,Indraprastha Medical Corporation Limited
8,2018-02-01,46.02,0,Indraprastha Medical Corporation Limited
9,2017-02-01,45.98,-,Indraprastha Medical Corporation Limited
Latest,2026-01-01,413.15,28,Indus Towers Limited
1,2025-02-01,323.35,28,Indus Towers Limited
2,2024-02-01,252.8,48,Indus Towers Limited
3,2023-02-01,170.9,-16,Indus Towers Limited
4,2022-02-01,203.36,-10,Indus Towers Limited
5,2021-02-01,226.63,25,Indus Towers Limited
6,2020-02-01,181.73,-23,Indus Towers Limited
7,2019-02-01,235.85,-9,Indus Towers Limited
8,2018-02-01,258.04,28,Indus Towers Limited
9,2017-02-01,202.05,-,Indus Towers Limited
Latest,2026-01-01,1300.9,-7,Info Edge (India) Limited
1,2025-02-01,1392.62,33,Info Edge (India) Limited
2,2024-02-01,1045.69,51,Info Edge (India) Limited
3,2023-02-01,690.31,-21,Info Edge (India) Limited
4,2022-02-01,877.39,-9,Info Edge (India) Limited
5,2021-02-01,964.31,90,Info Edge (India) Limited
6,2020-02-01,508.66,45,Info Edge (India) Limited
7,2019-02-01,350.06,40,Info Edge (India) Limited
8,2018-02-01,249.74,50,Info Edge (India) Limited
9,2017-02-01,166.03,-,Info Edge (India) Limited
Latest,2026-01-01,1670.8,2,Infosys Limited
1,2025-02-01,1639.19,4,Infosys Limited
2,2024-02-01,1575.95,16,Infosys Limited
3,2023-02-01,1364.27,-11,Infosys Limited
4,2022-02-01,1540.1,40,Infosys Limited
5,2021-02-01,1103.31,75,Infosys Limited
6,2020-02-01,628.73,2,Infosys Limited
7,2019-02-01,614.44,30,Infosys Limited
8,2018-02-01,471.11,19,Infosys Limited
9,2017-02-01,395.09,-,Infosys Limited
Latest,2026-01-01,3147.6,1,Ingersoll-Rand (India) Limited
1,2025-02-01,3109.54,-12,Ingersoll-Rand (India) Limited
2,2024-02-01,3525.74,75,Ingersoll-Rand (India) Limited
3,2023-02-01,2018.84,66,Ingersoll-Rand (India) Limited
4,2022-02-01,1216.62,79,Ingersoll-Rand (India) Limited
5,2021-02-01,678.63,16,Ingersoll-Rand (India) Limited
6,2020-02-01,584.25,18,Ingersoll-Rand (India) Limited
7,2019-02-01,494.03,3,Ingersoll-Rand (India) Limited
8,2018-02-01,479.49,4,Ingersoll-Rand (India) Limited
9,2017-02-01,460.95,-,Ingersoll-Rand (India) Limited
Latest,2026-01-01,1094.7,14,Inox India Limited
1,2025-02-01,957.43,-19,Inox India Limited
2,2024-02-01,1188.66,-,Inox India Limited
Latest,2026-01-01,4704.5,5,InterGlobe Aviation Limited
1,2025-02-01,4469.75,42,InterGlobe Aviation Limited
2,2024-02-01,3150.03,70,InterGlobe Aviation Limited
3,2023-02-01,1853.22,-1,InterGlobe Aviation Limited
4,2022-02-01,1871.74,16,InterGlobe Aviation Limited
5,2021-02-01,1617.22,25,InterGlobe Aviation Limited
6,2020-02-01,1297.86,16,InterGlobe Aviation Limited
7,2019-02-01,1119.94,-15,InterGlobe Aviation Limited
8,2018-02-01,1320.66,60,InterGlobe Aviation Limited
9,2017-02-01,825.3,-,InterGlobe Aviation Limited
Latest,2026-01-01,1651.1,-8,Inventurus Knowledge Solutions Limited
1,2025-02-01,1794.75,-,Inventurus Knowledge Solutions Limited
Latest,2026-01-01,152.88,10,Ircon International Ltd
1,2025-02-01,139.37,-37,Ircon International Ltd
2,2024-02-01,222.56,362,Ircon International Ltd
3,2023-02-01,48.16,32,Ircon International Ltd
4,2022-02-01,36.49,-7,Ircon International Ltd
5,2021-02-01,39.35,-2,Ircon International Ltd
6,2020-02-01,40.09,33,Ircon International Ltd
7,2019-02-01,30.06,-,Ircon International Ltd
Latest,2025-01-01,426.5,0,JK Agri Genetics Limited
1,2025-01-01,426.5,5,JK Agri Genetics Limited
2,2024-02-01,407.7,-7,JK Agri Genetics Limited
3,2023-02-01,436.95,-26,JK Agri Genetics Limited
4,2022-02-01,590.59,-2,JK Agri Genetics Limited
5,2021-02-01,600.94,63,JK Agri Genetics Limited
6,2020-02-01,368.13,-46,JK Agri Genetics Limited
7,2019-02-01,686.01,-44,JK Agri Genetics Limited
8,2018-02-01,1223.89,147,JK Agri Genetics Limited
9,2017-02-01,496.09,-,JK Agri Genetics Limited
Latest,2026-01-01,794.35,19,JK Lakshmi Cement Limited
1,2025-02-01,666.42,-26,JK Lakshmi Cement Limited
2,2024-02-01,904.93,37,JK Lakshmi Cement Limited
3,2023-02-01,658.39,51,JK Lakshmi Cement Limited
4,2022-02-01,434.64,21,JK Lakshmi Cement Limited
5,2021-02-01,359.81,23,JK Lakshmi Cement Limited
6,2020-02-01,293.4,-6,JK Lakshmi Cement Limited
7,2019-02-01,311.69,-23,JK Lakshmi Cement Limited
8,2018-02-01,402.99,4,JK Lakshmi Cement Limited
9,2017-02-01,389.05,-,JK Lakshmi Cement Limited
Latest,2026-01-01,318.05,12,JK Paper Limited
1,2025-02-01,283.42,-21,JK Paper Limited
2,2024-02-01,360.8,-2,JK Paper Limited
3,2023-02-01,367.51,75,JK Paper Limited
4,2022-02-01,209.55,57,JK Paper Limited
5,2021-02-01,133.45,31,JK Paper Limited
6,2020-02-01,102.06,-8,JK Paper Limited
7,2019-02-01,110.74,-7,JK Paper Limited
8,2018-02-01,118.46,56,JK Paper Limited
9,2017-02-01,75.72,-,JK Paper Limited
Latest,2026-01-01,508.05,94,JK Tyre & Industries Limited
1,2025-02-01,262.52,-49,JK Tyre & Industries Limited
2,2024-02-01,510.73,256,JK Tyre & Industries Limited
3,2023-02-01,143.45,41,JK Tyre & Industries Limited
4,2022-02-01,101.65,-14,JK Tyre & Industries Limited
5,2021-02-01,118.03,99,JK Tyre & Industries Limited
6,2020-02-01,59.18,-25,JK Tyre & Industries Limited
7,2019-02-01,78.52,-42,JK Tyre & Industries Limited
8,2018-02-01,136.07,23,JK Tyre & Industries Limited
9,2017-02-01,110.88,-,JK Tyre & Industries Limited
Latest,2026-01-01,256.35,1,JSW Infrastructure Limited
1,2025-02-01,254.1,-1,JSW Infrastructure Limited
2,2024-02-01,255.43,-,JSW Infrastructure Limited
Latest,2026-01-01,492.6,-21,Jubilant FoodWorks Limited
1,2025-02-01,625.01,35,Jubilant FoodWorks Limited
2,2024-02-01,462.14,5,Jubilant FoodWorks Limited
3,2023-02-01,438.08,-24,Jubilant FoodWorks Limited
4,2022-02-01,577.22,-3,Jubilant FoodWorks Limited
5,2021-02-01,593.0,71,Jubilant FoodWorks Limited
6,2020-02-01,346.63,39,Jubilant FoodWorks Limited
7,2019-02-01,249.32,25,Jubilant FoodWorks Limited
8,2018-02-01,199.48,102,Jubilant FoodWorks Limited
9,2017-02-01,98.95,-,Jubilant FoodWorks Limited
Latest,2026-01-01,1321.4,-8,Jupiter Life Line Hospitals Limited
1,2025-02-01,1434.74,4,Jupiter Life Line Hospitals Limited
2,2024-02-01,1379.79,-,Jupiter Life Line Hospitals Limited
Latest,2026-01-01,303.75,5,Jupiter Wagons Limited
1,2025-02-01,289.43,-22,Jupiter Wagons Limited
2,2024-02-01,369.67,301,Jupiter Wagons Limited
3,2023-02-01,92.23,133,Jupiter Wagons Limited
4,2022-02-01,39.56,97,Jupiter Wagons Limited
5,2021-02-01,20.1,49,Jupiter Wagons Limited
6,2020-02-01,13.5,-32,Jupiter Wagons Limited
7,2019-02-01,19.81,22,Jupiter Wagons Limited
8,2018-02-01,16.28,18,Jupiter Wagons Limited
9,2017-02-01,13.75,-,Jupiter Wagons Limited
Latest,2026-01-01,800.95,0,Jyoti CNC Automation Limited
1,2025-02-01,798.65,36,Jyoti CNC Automation Limited
2,2024-02-01,587.25,-,Jyoti CNC Automation Limited
Latest,2026-01-01,848.9,6,K.P.R. Mill Limited
1,2025-02-01,797.77,5,K.P.R. Mill Limited
2,2024-02-01,760.73,35,K.P.R. Mill Limited
3,2023-02-01,565.51,-9,K.P.R. Mill Limited
4,2022-02-01,621.21,243,K.P.R. Mill Limited
5,2021-02-01,181.19,58,K.P.R. Mill Limited
6,2020-02-01,114.89,11,K.P.R. Mill Limited
7,2019-02-01,103.2,-27,K.P.R. Mill Limited
8,2018-02-01,140.51,24,K.P.R. Mill Limited
9,2017-02-01,113.21,-,K.P.R. Mill Limited
Latest,2026-01-01,634.95,-7,KEC International Limited
1,2025-02-01,682.15,-5,KEC International Limited
2,2024-02-01,718.71,63,KEC International Limited
3,2023-02-01,442.25,-3,KEC International Limited
4,2022-02-01,453.78,9,KEC International Limited
5,2021-02-01,415.34,40,KEC International Limited
6,2020-02-01,296.13,18,KEC International Limited
7,2019-02-01,250.02,-36,KEC International Limited
8,2018-02-01,390.31,150,KEC International Limited
9,2017-02-01,156.09,-,KEC International Limited
Latest,2026-01-01,3807.2,24,KEI Industries Limited
1,2025-02-01,3070.15,-4,KEI Industries Limited
2,2024-02-01,3204.2,98,KEI Industries Limited
3,2023-02-01,1619.02,65,KEI Industries Limited
4,2022-02-01,982.07,98,KEI Industries Limited
5,2021-02-01,495.13,2,KEI Industries Limited
6,2020-02-01,483.09,44,KEI Industries Limited
7,2019-02-01,336.08,-12,KEI Industries Limited
8,2018-02-01,380.14,118,KEI Industries Limited
9,2017-02-01,174.58,-,KEI Industries Limited
Latest,2026-01-01,1018.7,18,KFin Technologies Limited
1,2025-02-01,864.86,28,KFin Technologies Limited
2,2024-02-01,677.73,133,KFin Technologies Limited
3,2023-02-01,290.79,-,KFin Technologies Limited
Latest,2026-01-01,134.36,-39,KNR Constructions Limited
1,2025-02-01,220.12,-18,KNR Constructions Limited
2,2024-02-01,267.46,5,KNR Constructions Limited
3,2023-02-01,255.31,-17,KNR Constructions Limited
4,2022-02-01,308.38,50,KNR Constructions Limited
5,2021-02-01,205.61,56,KNR Constructions Limited
6,2020-02-01,131.72,33,KNR Constructions Limited
7,2019-02-01,99.02,-35,KNR Constructions Limited
8,2018-02-01,152.35,73,KNR Constructions Limited
9,2017-02-01,88.13,-,KNR Constructions Limited
Latest,2026-01-01,1114.5,-6,KPIT Technologies Limited
1,2025-02-01,1189.44,-23,KPIT Technologies Limited
2,2024-02-01,1554.0,90,KPIT Technologies Limited
3,2023-02-01,817.55,47,KPIT Technologies Limited
4,2022-02-01,557.17,295,KPIT Technologies Limited
5,2021-02-01,141.11,79,KPIT Technologies Limited
6,2020-02-01,78.63,-,KPIT Technologies Limited
Latest,2026-01-01,598.1,-32,KRN Heat Exchanger and Refrigeration Limited
1,2025-02-01,873.35,-,KRN Heat Exchanger and Refrigeration Limited
Latest,2026-01-01,715.75,1,KRSNAA DIAGNOSTICS LIMITED
1,2025-02-01,707.88,9,KRSNAA DIAGNOSTICS LIMITED
2,2024-02-01,647.59,81,KRSNAA DIAGNOSTICS LIMITED
3,2023-02-01,357.72,-33,KRSNAA DIAGNOSTICS LIMITED
4,2022-02-01,537.49,-,KRSNAA DIAGNOSTICS LIMITED
Latest,2026-01-01,934.15,11,Kajaria Ceramics Limited
1,2025-02-01,844.0,-33,Kajaria Ceramics Limited
2,2024-02-01,1253.17,20,Kajaria Ceramics Limited
3,2023-02-01,1042.28,-0,Kajaria Ceramics Limited
4,2022-02-01,1046.01,16,Kajaria Ceramics Limited
5,2021-02-01,899.23,82,Kajaria Ceramics Limited
6,2020-02-01,495.16,-3,Kajaria Ceramics Limited
7,2019-02-01,508.51,-5,Kajaria Ceramics Limited
8,2018-02-01,535.35,-1,Kajaria Ceramics Limited
9,2017-02-01,541.85,-,Kajaria Ceramics Limited
Latest,2026-01-01,367.2,-20,Kalyan Jewellers India Limited
1,2025-02-01,460.9,17,Kalyan Jewellers India Limited
2,2024-02-01,394.81,250,Kalyan Jewellers India Limited
3,2023-02-01,112.73,93,Kalyan Jewellers India Limited
4,2022-02-01,58.47,-,Kalyan Jewellers India Limited
Latest,2025-01-01,472.0,0,Kalyani Cast-Tech Limited
1,2025-01-01,472.0,-5,Kalyani Cast-Tech Limited
2,2024-02-01,497.0,-,Kalyani Cast-Tech Limited
Latest,2025-06-01,,-,Kansai Nerolac Paints Limited
1,2025-06-01,,-,Kansai Nerolac Paints Limited
2,2024-06-01,,-,Kansai Nerolac Paints Limited
3,2023-02-01,389.12,-11,Kansai Nerolac Paints Limited
4,2022-02-01,437.74,-18,Kansai Nerolac Paints Limited
5,2021-02-01,532.68,13,Kansai Nerolac Paints Limited
6,2020-02-01,472.15,12,Kansai Nerolac Paints Limited
7,2019-02-01,419.84,-8,Kansai Nerolac Paints Limited
8,2018-02-01,454.35,39,Kansai Nerolac Paints Limited
9,2017-02-01,327.09,-,Kansai Nerolac Paints Limited
Latest,2026-01-01,3379.2,-18,Kaynes Technology India Limited
1,2025-02-01,4144.15,40,Kaynes Technology India Limited
2,2024-02-01,2955.65,241,Kaynes Technology India Limited
3,2023-02-01,866.85,-,Kaynes Technology India Limited
Latest,2026-01-01,1139.7,29,Kernex Microsystems (India) Limited
1,2025-02-01,881.55,34,Kernex Microsystems (India) Limited
2,2024-02-01,656.85,142,Kernex Microsystems (India) Limited
3,2023-02-01,270.9,147,Kernex Microsystems (India) Limited
4,2022-02-01,109.8,265,Kernex Microsystems (India) Limited
5,2021-02-01,30.05,51,Kernex Microsystems (India) Limited
6,2020-02-01,19.95,-9,Kernex Microsystems (India) Limited
7,2019-02-01,21.85,-48,Kernex Microsystems (India) Limited
8,2018-02-01,42.1,9,Kernex Microsystems (India) Limited
9,2017-02-01,38.55,-,Kernex Microsystems (India) Limited
Latest,2025-07-01,,-,Kirloskar Brothers Limited
1,2025-07-01,,-,Kirloskar Brothers Limited
2,2024-07-01,,-,Kirloskar Brothers Limited
3,2023-02-01,362.72,22,Kirloskar Brothers Limited
4,2022-02-01,298.44,96,Kirloskar Brothers Limited
5,2021-02-01,151.97,13,Kirloskar Brothers Limited
6,2020-02-01,134.82,-10,Kirloskar Brothers Limited
7,2019-02-01,149.47,-53,Kirloskar Brothers Limited
8,2018-02-01,320.12,41,Kirloskar Brothers Limited
9,2017-02-01,227.67,-,Kirloskar Brothers Limited
Latest,2023-05-01,99.42,0,Kirloskar Electric Company Limited
1,2023-05-01,99.42,0,Kirloskar Electric Company Limited
2,2023-05-01,99.42,50,Kirloskar Electric Company Limited
3,2023-02-01,66.3,211,Kirloskar Electric Company Limited
4,2022-02-01,21.35,55,Kirloskar Electric Company Limited
5,2021-02-01,13.79,11,Kirloskar Electric Company Limited
6,2020-02-01,12.4,-21,Kirloskar Electric Company Limited
7,2019-02-01,15.6,-58,Kirloskar Electric Company Limited
8,2018-02-01,37.1,-7,Kirloskar Electric Company Limited
9,2017-02-01,39.8,-,Kirloskar Electric Company Limited
Latest,2025-08-01,,-,Kirloskar Industries Limited
1,2024-09-01,,-,Kirloskar Industries Limited
2,2023-08-01,,-,Kirloskar Industries Limited
3,2023-02-01,2231.84,61,Kirloskar Industries Limited
4,2022-02-01,1384.64,17,Kirloskar Industries Limited
5,2021-02-01,1187.61,110,Kirloskar Industries Limited
6,2020-02-01,566.33,-19,Kirloskar Industries Limited
7,2019-02-01,695.74,-39,Kirloskar Industries Limited
8,2018-02-01,1148.42,47,Kirloskar Industries Limited
9,2017-02-01,782.0,-,Kirloskar Industries Limited
Latest,2025-07-01,,-,Kirloskar Oil Engines Limited
1,2025-02-01,,-,Kirloskar Oil Engines Limited
2,2024-02-01,,-,Kirloskar Oil Engines Limited
3,2023-02-01,306.58,149,Kirloskar Oil Engines Limited
4,2022-02-01,123.31,-15,Kirloskar Oil Engines Limited
5,2021-02-01,145.69,32,Kirloskar Oil Engines Limited
6,2020-02-01,110.24,-23,Kirloskar Oil Engines Limited
7,2019-02-01,143.84,-51,Kirloskar Oil Engines Limited
8,2018-02-01,294.45,2,Kirloskar Oil Engines Limited
9,2017-02-01,288.68,-,Kirloskar Oil Engines Limited
Latest,2026-01-01,82.22,-21,Kokuyo Camlin Limited
1,2025-02-01,103.57,-17,Kokuyo Camlin Limited
2,2024-02-01,124.52,78,Kokuyo Camlin Limited
3,2023-02-01,69.92,15,Kokuyo Camlin Limited
4,2022-02-01,60.83,-5,Kokuyo Camlin Limited
5,2021-02-01,64.06,2,Kokuyo Camlin Limited
6,2020-02-01,62.67,-29,Kokuyo Camlin Limited
7,2019-02-01,88.34,-26,Kokuyo Camlin Limited
8,2018-02-01,119.87,43,Kokuyo Camlin Limited
9,2017-02-01,83.72,-,Kokuyo Camlin Limited
Latest,2025-08-01,,-,Kovai Medical Center and Hospital Limited
1,2024-08-01,,-,Kovai Medical Center and Hospital Limited
2,2023-08-01,,-,Kovai Medical Center and Hospital Limited
3,2023-02-01,1906.47,25,Kovai Medical Center and Hospital Limited
4,2022-02-01,1526.71,44,Kovai Medical Center and Hospital Limited
5,2021-02-01,1063.4,43,Kovai Medical Center and Hospital Limited
6,2020-02-01,741.44,6,Kovai Medical Center and Hospital Limited
7,2019-02-01,701.41,-44,Kovai Medical Center and Hospital Limited
8,2018-02-01,1262.77,17,Kovai Medical Center and Hospital Limited
9,2017-02-01,1080.05,-,Kovai Medical Center and Hospital Limited
Latest,2026-01-01,582.1,12,Krishna Institute of Medical Sciences Limited
1,2025-02-01,521.05,15,Krishna Institute of Medical Sciences Limited
2,2024-02-01,451.44,68,Krishna Institute of Medical Sciences Limited
3,2023-02-01,268.86,6,Krishna Institute of Medical Sciences Limited
4,2022-02-01,253.55,-,Krishna Institute of Medical Sciences Limited
Latest,2026-01-01,3837.9,-14,L&T Technology Services Limited
1,2025-02-01,4473.99,-14,L&T Technology Services Limited
2,2024-02-01,5181.36,46,L&T Technology Services Limited
3,2023-02-01,3558.86,-18,L&T Technology Services Limited
4,2022-02-01,4337.24,78,L&T Technology Services Limited
5,2021-02-01,2434.38,61,L&T Technology Services Limited
6,2020-02-01,1514.74,7,L&T Technology Services Limited
7,2019-02-01,1416.37,12,L&T Technology Services Limited
8,2018-02-01,1269.36,82,L&T Technology Services Limited
9,2017-02-01,697.62,-,L&T Technology Services Limited
Latest,2026-01-01,14195.0,4,LMW Limited
1,2025-02-01,13636.25,-5,LMW Limited
2,2024-02-01,14370.53,35,LMW Limited
3,2023-02-01,10637.55,5,LMW Limited
4,2022-02-01,10139.67,60,LMW Limited
5,2021-02-01,6327.56,100,LMW Limited
6,2020-02-01,3160.74,-43,LMW Limited
7,2019-02-01,5566.56,-15,LMW Limited
8,2018-02-01,6546.08,86,LMW Limited
9,2017-02-01,3515.95,-,LMW Limited
Latest,2026-01-01,345.9,2,LT Foods Limited
1,2025-02-01,337.67,90,LT Foods Limited
2,2024-02-01,177.51,-,LT Foods Limited
Latest,2026-01-01,5893.5,28,LTIMindtree Limited
1,2025-02-01,4606.04,-11,LTIMindtree Limited
2,2024-02-01,5169.15,14,LTIMindtree Limited
3,2023-02-01,4551.04,-18,LTIMindtree Limited
4,2022-02-01,5571.41,64,LTIMindtree Limited
5,2021-02-01,3392.34,91,LTIMindtree Limited
6,2020-02-01,1777.52,13,LTIMindtree Limited
7,2019-02-01,1572.53,21,LTIMindtree Limited
8,2018-02-01,1297.0,107,LTIMindtree Limited
9,2017-02-01,626.92,-,LTIMindtree Limited
Latest,2026-01-01,3743.8,19,Larsen and Toubro Limited
1,2025-02-01,3134.62,-8,Larsen and Toubro Limited
2,2024-02-01,3418.54,67,Larsen and Toubro Limited
3,2023-02-01,2050.04,18,Larsen and Toubro Limited
4,2022-02-01,1743.5,27,Larsen and Toubro Limited
5,2021-02-01,1368.85,27,Larsen and Toubro Limited
6,2020-02-01,1080.81,-7,Larsen and Toubro Limited
7,2019-02-01,1161.71,-1,Larsen and Toubro Limited
8,2018-02-01,1169.42,38,Larsen and Toubro Limited
9,2017-02-01,848.08,-,Larsen and Toubro Limited
Latest,2026-01-01,423.95,-,Lenskart Solutions Limited
Latest,2026-01-01,43.12,-21,Lloyds Engineering Works Limited
1,2025-02-01,54.83,-6,Lloyds Engineering Works Limited
2,2024-02-01,58.2,-,Lloyds Engineering Works Limited
Latest,2026-01-01,900.3,-20,Lodha Developers Limited
1,2025-02-01,1127.18,-3,Lodha Developers Limited
2,2024-02-01,1159.39,185,Lodha Developers Limited
3,2023-02-01,407.49,-27,Lodha Developers Limited
4,2022-02-01,560.16,-,Lodha Developers Limited
Latest,2026-01-01,154.63,-4,Lokesh Machines Ltd
1,2025-02-01,161.5,-51,Lokesh Machines Ltd
2,2024-02-01,329.2,201,Lokesh Machines Ltd
3,2023-02-01,109.2,61,Lokesh Machines Ltd
4,2022-02-01,67.65,85,Lokesh Machines Ltd
5,2021-02-01,36.5,60,Lokesh Machines Ltd
6,2020-02-01,22.8,-44,Lokesh Machines Ltd
7,2019-02-01,40.6,-39,Lokesh Machines Ltd
8,2018-02-01,66.05,-17,Lokesh Machines Ltd
9,2017-02-01,79.45,-,Lokesh Machines Ltd
Latest,2026-01-01,122.17,106,Lotus Eye Hospital and Institute Limited
1,2025-02-01,59.3,-9,Lotus Eye Hospital and Institute Limited
2,2024-02-01,65.1,6,Lotus Eye Hospital and Institute Limited
3,2023-02-01,61.34,6,Lotus Eye Hospital and Institute Limited
4,2022-02-01,57.88,71,Lotus Eye Hospital and Institute Limited
5,2021-02-01,33.76,35,Lotus Eye Hospital and Institute Limited
6,2020-02-01,24.93,8,Lotus Eye Hospital and Institute Limited
7,2019-02-01,22.98,-20,Lotus Eye Hospital and Institute Limited
8,2018-02-01,28.67,12,Lotus Eye Hospital and Institute Limited
9,2017-02-01,25.59,-,Lotus Eye Hospital and Institute Limited
Latest,2026-01-01,1377.6,177,Lumax Auto Technologies Limited
1,2025-02-01,497.77,5,Lumax Auto Technologies Limited
2,2024-02-01,473.47,83,Lumax Auto Technologies Limited
3,2023-02-01,259.04,66,Lumax Auto Technologies Limited
4,2022-02-01,156.43,15,Lumax Auto Technologies Limited
5,2021-02-01,136.22,63,Lumax Auto Technologies Limited
6,2020-02-01,83.69,-33,Lumax Auto Technologies Limited
7,2019-02-01,124.65,-18,Lumax Auto Technologies Limited
8,2018-02-01,151.67,100,Lumax Auto Technologies Limited
9,2017-02-01,75.77,-,Lumax Auto Technologies Limited
Latest,2026-01-01,2137.2,13,Lupin Limited
1,2025-02-01,1892.88,18,Lupin Limited
2,2024-02-01,1604.0,147,Lupin Limited
3,2023-02-01,649.51,-11,Lupin Limited
4,2022-02-01,730.29,-26,Lupin Limited
5,2021-02-01,991.57,60,Lupin Limited
6,2020-02-01,619.14,-16,Lupin Limited
7,2019-02-01,734.1,-6,Lupin Limited
8,2018-02-01,783.28,-44,Lupin Limited
9,2017-02-01,1398.94,-,Lupin Limited
Latest,2026-01-01,1813.4,15,METROPOLIS HEALTHCARE LIMITED
1,2025-02-01,1581.22,-1,METROPOLIS HEALTHCARE LIMITED
2,2024-02-01,1598.59,23,METROPOLIS HEALTHCARE LIMITED
3,2023-02-01,1297.44,-33,METROPOLIS HEALTHCARE LIMITED
4,2022-02-01,1928.5,0,METROPOLIS HEALTHCARE LIMITED
5,2021-02-01,1923.08,6,METROPOLIS HEALTHCARE LIMITED
6,2020-02-01,1808.44,-,METROPOLIS HEALTHCARE LIMITED
Latest,2026-01-01,137475.0,31,MRF Limited
1,2025-02-01,105208.45,-28,MRF Limited
2,2024-02-01,145639.8,72,MRF Limited
3,2023-02-01,84853.78,30,MRF Limited
4,2022-02-01,65307.58,-22,MRF Limited
5,2021-02-01,83785.92,27,MRF Limited
6,2020-02-01,65723.67,17,MRF Limited
7,2019-02-01,56203.95,-22,MRF Limited
8,2018-02-01,72515.21,42,MRF Limited
9,2017-02-01,51171.3,-,MRF Limited
Latest,2026-01-01,2400.2,86,MTAR Technologies Limited
1,2025-02-01,1287.9,-33,MTAR Technologies Limited
2,2024-02-01,1916.1,13,MTAR Technologies Limited
3,2023-02-01,1696.85,-6,MTAR Technologies Limited
4,2022-02-01,1805.9,-,MTAR Technologies Limited
Latest,2026-01-01,289.5,-2,Mahindra Holidays & Resorts India Limited
1,2025-02-01,294.15,-29,Mahindra Holidays & Resorts India Limited
2,2024-02-01,416.45,52,Mahindra Holidays & Resorts India Limited
3,2023-02-01,273.55,30,Mahindra Holidays & Resorts India Limited
4,2022-02-01,210.15,39,Mahindra Holidays & Resorts India Limited
5,2021-02-01,150.73,6,Mahindra Holidays & Resorts India Limited
6,2020-02-01,141.9,6,Mahindra Holidays & Resorts India Limited
7,2019-02-01,134.2,-30,Mahindra Holidays & Resorts India Limited
8,2018-02-01,191.07,1,Mahindra Holidays & Resorts India Limited
9,2017-02-01,188.48,-,Mahindra Holidays & Resorts India Limited
Latest,2026-01-01,3543.4,38,Mahindra and Mahindra Limited
1,2025-02-01,2564.5,35,Mahindra and Mahindra Limited
2,2024-02-01,1903.06,54,Mahindra and Mahindra Limited
3,2023-02-01,1237.36,62,Mahindra and Mahindra Limited
4,2022-02-01,762.96,-1,Mahindra and Mahindra Limited
5,2021-02-01,769.3,77,Mahindra and Mahindra Limited
6,2020-02-01,434.16,-28,Mahindra and Mahindra Limited
7,2019-02-01,605.11,-11,Mahindra and Mahindra Limited
8,2018-02-01,676.86,12,Mahindra and Mahindra Limited
9,2017-02-01,603.94,-,Mahindra and Mahindra Limited
Latest,2026-01-01,2107.6,-8,Mankind Pharma Limited
1,2025-02-01,2289.7,7,Mankind Pharma Limited
2,2024-02-01,2134.76,-,Mankind Pharma Limited
Latest,2026-01-01,1093.0,15,Manorama Industries Limited
1,2025-02-01,952.54,141,Manorama Industries Limited
2,2024-02-01,394.69,111,Manorama Industries Limited
3,2023-02-01,187.03,-,Manorama Industries Limited
Latest,2026-01-01,490.05,25,Marathon Nextgen Realty Limited
1,2025-02-01,393.58,-19,Marathon Nextgen Realty Limited
2,2024-02-01,487.65,89,Marathon Nextgen Realty Limited
3,2023-02-01,257.69,170,Marathon Nextgen Realty Limited
4,2022-02-01,95.54,25,Marathon Nextgen Realty Limited
5,2021-02-01,76.18,7,Marathon Nextgen Realty Limited
6,2020-02-01,71.42,-32,Marathon Nextgen Realty Limited
7,2019-02-01,105.18,-58,Marathon Nextgen Realty Limited
8,2018-02-01,249.07,137,Marathon Nextgen Realty Limited
9,2017-02-01,104.93,-,Marathon Nextgen Realty Limited
Latest,2026-01-01,740.95,25,Marico Limited
1,2025-02-01,591.53,16,Marico Limited
2,2024-02-01,508.26,8,Marico Limited
3,2023-02-01,471.44,-3,Marico Limited
4,2022-02-01,487.14,32,Marico Limited
5,2021-02-01,370.04,36,Marico Limited
6,2020-02-01,272.17,-11,Marico Limited
7,2019-02-01,304.85,12,Marico Limited
8,2018-02-01,272.69,11,Marico Limited
9,2017-02-01,245.64,-,Marico Limited
Latest,2026-01-01,15469.0,31,Maruti Suzuki India Limited
1,2025-02-01,11817.94,7,Maruti Suzuki India Limited
2,2024-02-01,11062.99,32,Maruti Suzuki India Limited
3,2023-02-01,8373.37,4,Maruti Suzuki India Limited
4,2022-02-01,8019.4,22,Maruti Suzuki India Limited
5,2021-02-01,6580.78,10,Maruti Suzuki India Limited
6,2020-02-01,5968.27,-7,Maruti Suzuki India Limited
7,2019-02-01,6398.24,-22,Maruti Suzuki India Limited
8,2018-02-01,8218.75,51,Maruti Suzuki India Limited
9,2017-02-01,5445.01,-,Maruti Suzuki India Limited
Latest,2026-01-01,991.4,1,Max Healthcare Institute Limited
1,2025-02-01,976.97,23,Max Healthcare Institute Limited
2,2024-02-01,791.07,86,Max Healthcare Institute Limited
3,2023-02-01,424.17,14,Max Healthcare Institute Limited
4,2022-02-01,372.7,107,Max Healthcare Institute Limited
5,2021-02-01,180.48,-,Max Healthcare Institute Limited
Latest,2026-01-01,2301.8,8,Mazagon Dock Shipbuilders Ltd
1,2025-02-01,2122.07,106,Mazagon Dock Shipbuilders Ltd
2,2024-02-01,1029.07,193,Mazagon Dock Shipbuilders Ltd
3,2023-02-01,351.29,204,Mazagon Dock Shipbuilders Ltd
4,2022-02-01,115.72,19,Mazagon Dock Shipbuilders Ltd
5,2021-02-01,96.87,-,Mazagon Dock Shipbuilders Ltd
Latest,2026-01-01,194.81,-12,Mazda Limited
1,2025-02-01,221.89,-17,Mazda Limited
2,2024-02-01,267.86,132,Mazda Limited
3,2023-02-01,115.53,27,Mazda Limited
4,2022-02-01,91.28,-6,Mazda Limited
5,2021-02-01,97.23,25,Mazda Limited
6,2020-02-01,77.98,43,Mazda Limited
7,2019-02-01,54.55,-15,Mazda Limited
8,2018-02-01,64.5,21,Mazda Limited
9,2017-02-01,53.44,-,Mazda Limited
Latest,2026-01-01,542.9,13,Minda Corporation Limited
1,2025-02-01,478.97,15,Minda Corporation Limited
2,2024-02-01,418.28,119,Minda Corporation Limited
3,2023-02-01,190.93,-2,Minda Corporation Limited
4,2022-02-01,194.84,93,Minda Corporation Limited
5,2021-02-01,101.02,-3,Minda Corporation Limited
6,2020-02-01,104.41,-27,Minda Corporation Limited
7,2019-02-01,142.59,-21,Minda Corporation Limited
8,2018-02-01,180.92,96,Minda Corporation Limited
9,2017-02-01,92.49,-,Minda Corporation Limited
Latest,2026-01-01,490.06,41,Mindspace Business Parks REIT
1,2025-02-01,347.58,15,Mindspace Business Parks REIT
2,2024-02-01,303.42,24,Mindspace Business Parks REIT
3,2023-02-01,245.07,-14,Mindspace Business Parks REIT
4,2022-02-01,283.68,24,Mindspace Business Parks REIT
5,2021-02-01,227.86,-,Mindspace Business Parks REIT
Latest,2026-01-01,11.53,40,Mirae Asset Nifty Metal ETF
1,2025-02-01,8.22,-,Mirae Asset Nifty Metal ETF
Latest,2026-01-01,169.22,-,Moschip Technologies Limited
Latest,2026-01-01,75.75,-5,Motilal Oswal Nifty Realty ETF
1,2025-02-01,80.05,-,Motilal Oswal Nifty Realty ETF
Latest,2026-01-01,2752.8,25,MphasiS Limited
1,2025-02-01,2203.23,-12,MphasiS Limited
2,2024-02-01,2511.8,32,MphasiS Limited
3,2023-02-01,1902.34,-33,MphasiS Limited
4,2022-02-01,2845.5,93,MphasiS Limited
5,2021-02-01,1474.73,97,MphasiS Limited
6,2020-02-01,749.47,-14,MphasiS Limited
7,2019-02-01,869.75,23,MphasiS Limited
8,2018-02-01,705.91,49,MphasiS Limited
9,2017-02-01,474.87,-,MphasiS Limited
Latest,2026-01-01,2282.0,129,Multi Commodity Exchange of India Limited
1,2025-02-01,994.53,33,Multi Commodity Exchange of India Limited
2,2024-02-01,748.91,171,Multi Commodity Exchange of India Limited
3,2023-02-01,276.09,12,Multi Commodity Exchange of India Limited
4,2022-02-01,246.93,-14,Multi Commodity Exchange of India Limited
5,2021-02-01,287.92,20,Multi Commodity Exchange of India Limited
6,2020-02-01,239.05,99,Multi Commodity Exchange of India Limited
7,2019-02-01,119.87,-14,Multi Commodity Exchange of India Limited
8,2018-02-01,140.19,-29,Multi Commodity Exchange of India Limited
9,2017-02-01,198.05,-,Multi Commodity Exchange of India Limited
Latest,2026-01-01,101.0,-23,NEPHRO CARE INDIA LIMITED
1,2025-02-01,130.35,-,NEPHRO CARE INDIA LIMITED
Latest,2026-01-01,336.7,10,NTPC Limited
1,2025-02-01,305.73,-4,NTPC Limited
2,2024-02-01,319.23,107,NTPC Limited
3,2023-02-01,154.38,34,NTPC Limited
4,2022-02-01,115.24,32,NTPC Limited
5,2021-02-01,87.4,4,NTPC Limited
6,2020-02-01,83.67,-5,NTPC Limited
7,2019-02-01,88.22,-11,NTPC Limited
8,2018-02-01,98.85,3,NTPC Limited
9,2017-02-01,95.92,-,NTPC Limited
Latest,2026-01-01,1746.7,21,Narayana Hrudayalaya Limited
1,2025-02-01,1441.11,8,Narayana Hrudayalaya Limited
2,2024-02-01,1334.52,80,Narayana Hrudayalaya Limited
3,2023-02-01,743.12,9,Narayana Hrudayalaya Limited
4,2022-02-01,678.98,59,Narayana Hrudayalaya Limited
5,2021-02-01,427.31,30,Narayana Hrudayalaya Limited
6,2020-02-01,329.52,63,Narayana Hrudayalaya Limited
7,2019-02-01,202.46,-31,Narayana Hrudayalaya Limited
8,2018-02-01,295.16,-8,Narayana Hrudayalaya Limited
9,2017-02-01,319.49,-,Narayana Hrudayalaya Limited
Latest,2026-01-01,370.65,119,National Aluminium Co Ltd
1,2025-02-01,169.3,18,National Aluminium Co Ltd
2,2024-02-01,142.88,110,National Aluminium Co Ltd
3,2023-02-01,68.01,-32,National Aluminium Co Ltd
4,2022-02-01,99.74,116,National Aluminium Co Ltd
5,2021-02-01,46.09,88,National Aluminium Co Ltd
6,2020-02-01,24.46,-26,National Aluminium Co Ltd
7,2019-02-01,33.01,-20,National Aluminium Co Ltd
8,2018-02-01,41.39,3,National Aluminium Co Ltd
9,2017-02-01,40.05,-,National Aluminium Co Ltd
Latest,2026-01-01,530.75,35,Nava Limited
1,2025-02-01,391.79,60,Nava Limited
2,2024-02-01,244.6,121,Nava Limited
3,2023-02-01,110.77,89,Nava Limited
4,2022-02-01,58.54,77,Nava Limited
5,2021-02-01,32.99,15,Nava Limited
6,2020-02-01,28.78,-35,Nava Limited
7,2019-02-01,44.23,-34,Nava Limited
8,2018-02-01,67.44,40,Nava Limited
9,2017-02-01,48.23,-,Nava Limited
Latest,2026-01-01,1293.8,19,Nestle India Limited
1,2025-02-01,1083.3,-15,Nestle India Limited
2,2024-02-01,1275.29,41,Nestle India Limited
3,2023-02-01,907.26,7,Nestle India Limited
4,2022-02-01,847.9,11,Nestle India Limited
5,2021-02-01,765.28,3,Nestle India Limited
6,2020-02-01,741.28,52,Nestle India Limited
7,2019-02-01,487.19,39,Nestle India Limited
8,2018-02-01,351.5,26,Nestle India Limited
9,2017-02-01,279.78,-,Nestle India Limited
Latest,2026-01-01,3100.1,113,Netweb Technologies India Limited
1,2025-02-01,1452.14,-14,Netweb Technologies India Limited
2,2024-02-01,1695.75,-,Netweb Technologies India Limited
Latest,2026-01-01,81.12,-31,New Delhi Television Limited
1,2025-02-01,117.5,-54,New Delhi Television Limited
2,2024-02-01,255.35,34,New Delhi Television Limited
3,2023-02-01,190.15,27,New Delhi Television Limited
4,2022-02-01,149.25,212,New Delhi Television Limited
5,2021-02-01,47.8,53,New Delhi Television Limited
6,2020-02-01,31.2,-11,New Delhi Television Limited
7,2019-02-01,35.0,-18,New Delhi Television Limited
8,2018-02-01,42.7,-40,New Delhi Television Limited
9,2017-02-01,71.7,-,New Delhi Television Limited
Latest,2026-01-01,624.25,-33,Newgen Software Technologies Limited
1,2025-02-01,931.69,11,Newgen Software Technologies Limited
2,2024-02-01,841.79,291,Newgen Software Technologies Limited
3,2023-02-01,215.45,-11,Newgen Software Technologies Limited
4,2022-02-01,242.58,72,Newgen Software Technologies Limited
5,2021-02-01,141.25,50,Newgen Software Technologies Limited
6,2020-02-01,93.97,-33,Newgen Software Technologies Limited
7,2019-02-01,140.29,23,Newgen Software Technologies Limited
8,2018-02-01,114.2,-,Newgen Software Technologies Limited
Latest,2026-01-01,159.28,29,Nexus Select Trust
1,2025-02-01,123.64,11,Nexus Select Trust
2,2024-02-01,111.81,-,Nexus Select Trust
Latest,2026-01-01,283.91,14,Nippon India ETF Nifty 50
1,2025-02-01,248.45,2,Nippon India ETF Nifty 50
2,2024-02-01,243.25,28,Nippon India ETF Nifty 50
3,2023-02-01,189.7,4,Nippon India ETF Nifty 50
4,2022-02-01,181.84,16,Nippon India ETF Nifty 50
5,2021-02-01,156.15,31,Nippon India ETF Nifty 50
6,2020-02-01,119.29,5,Nippon India ETF Nifty 50
7,2019-02-01,113.36,4,Nippon India ETF Nifty 50
8,2018-02-01,108.67,20,Nippon India ETF Nifty 50
9,2017-02-01,90.67,-,Nippon India ETF Nifty 50
Latest,2026-01-01,517.58,7,Nippon India ETF Nifty 50 Shariah
1,2025-02-01,485.37,-5,Nippon India ETF Nifty 50 Shariah
2,2024-02-01,511.3,29,Nippon India ETF Nifty 50 Shariah
3,2023-02-01,394.96,-7,Nippon India ETF Nifty 50 Shariah
4,2022-02-01,422.89,23,Nippon India ETF Nifty 50 Shariah
5,2021-02-01,343.05,38,Nippon India ETF Nifty 50 Shariah
6,2020-02-01,248.43,2,Nippon India ETF Nifty 50 Shariah
7,2019-02-01,242.9,-4,Nippon India ETF Nifty 50 Shariah
8,2018-02-01,252.0,20,Nippon India ETF Nifty 50 Shariah
9,2017-02-01,209.9,-,Nippon India ETF Nifty 50 Shariah
Latest,2026-01-01,128.29,14,Nippon India ETF Nifty Consumption
1,2025-02-01,112.72,5,Nippon India ETF Nifty Consumption
2,2024-02-01,107.8,38,Nippon India ETF Nifty Consumption
3,2023-02-01,77.99,7,Nippon India ETF Nifty Consumption
4,2022-02-01,73.13,14,Nippon India ETF Nifty Consumption
5,2021-02-01,64.11,22,Nippon India ETF Nifty Consumption
6,2020-02-01,52.44,5,Nippon India ETF Nifty Consumption
7,2019-02-01,49.96,-1,Nippon India ETF Nifty Consumption
8,2018-02-01,50.26,18,Nippon India ETF Nifty Consumption
9,2017-02-01,42.75,-,Nippon India ETF Nifty Consumption
Latest,2026-01-01,42.12,5,Nippon India ETF Nifty IT
1,2025-02-01,40.23,1,Nippon India ETF Nifty IT
2,2024-02-01,39.97,29,Nippon India ETF Nifty IT
3,2023-02-01,30.94,-11,Nippon India ETF Nifty IT
4,2022-02-01,34.71,41,Nippon India ETF Nifty IT
5,2021-02-01,24.56,-,Nippon India ETF Nifty IT
Latest,2026-01-01,921.96,16,Nippon India ETF Nifty Infra
1,2025-02-01,794.55,-5,Nippon India ETF Nifty Infra
2,2024-02-01,839.29,61,Nippon India ETF Nifty Infra
3,2023-02-01,521.59,4,Nippon India ETF Nifty Infra
4,2022-02-01,501.31,18,Nippon India ETF Nifty Infra
5,2021-02-01,426.52,34,Nippon India ETF Nifty Infra
6,2020-02-01,318.26,-1,Nippon India ETF Nifty Infra
7,2019-01-01,321.28,-,Nippon India ETF Nifty Infra
Latest,2026-01-01,97.7,55,Nippon India ETF Nifty PSU Bank
1,2025-02-01,62.97,-18,Nippon India ETF Nifty PSU Bank
2,2024-02-01,76.94,90,Nippon India ETF Nifty PSU Bank
3,2023-02-01,40.5,39,Nippon India ETF Nifty PSU Bank
4,2022-02-01,29.1,11,Nippon India ETF Nifty PSU Bank
5,2021-02-01,26.25,22,Nippon India ETF Nifty PSU Bank
6,2020-02-01,21.49,-29,Nippon India ETF Nifty PSU Bank
7,2019-02-01,30.44,-11,Nippon India ETF Nifty PSU Bank
8,2018-02-01,34.21,-7,Nippon India ETF Nifty PSU Bank
9,2017-02-01,36.6,-,Nippon India ETF Nifty PSU Bank
Latest,2026-01-01,275.15,31,Nippon India Nifty Auto ETF
1,2025-02-01,210.01,1,Nippon India Nifty Auto ETF
2,2024-02-01,207.13,61,Nippon India Nifty Auto ETF
3,2023-02-01,128.84,18,Nippon India Nifty Auto ETF
4,2022-02-01,109.54,-,Nippon India Nifty Auto ETF
Latest,2026-01-01,292.73,224,Nippon India Silver ETF
1,2025-02-01,90.46,32,Nippon India Silver ETF
2,2024-02-01,68.29,9,Nippon India Silver ETF
3,2023-02-01,62.48,-,Nippon India Silver ETF
Latest,2026-01-01,1453.9,-2,Oberoi Realty Limited
1,2025-02-01,1477.21,11,Oberoi Realty Limited
2,2024-02-01,1328.4,58,Oberoi Realty Limited
3,2023-02-01,842.58,-5,Oberoi Realty Limited
4,2022-02-01,888.1,66,Oberoi Realty Limited
5,2021-02-01,534.11,7,Oberoi Realty Limited
6,2020-02-01,499.22,3,Oberoi Realty Limited
7,2019-02-01,483.11,-4,Oberoi Realty Limited
8,2018-02-01,504.35,61,Oberoi Realty Limited
9,2017-02-01,312.71,-,Oberoi Realty Limited
Latest,2026-01-01,989.4,-8,Olectra Greentech Limited
1,2025-02-01,1071.39,-45,Olectra Greentech Limited
2,2024-02-01,1965.81,295,Olectra Greentech Limited
3,2023-02-01,497.8,-21,Olectra Greentech Limited
4,2022-02-01,633.03,250,Olectra Greentech Limited
5,2021-02-01,181.04,54,Olectra Greentech Limited
6,2020-02-01,117.43,-48,Olectra Greentech Limited
7,2019-02-01,227.52,5,Olectra Greentech Limited
8,2018-02-01,216.53,332,Olectra Greentech Limited
9,2017-02-01,50.18,-,Olectra Greentech Limited
Latest,2026-01-01,1138.8,59,One 97 Communications Limited
1,2025-02-01,714.95,77,One 97 Communications Limited
2,2024-02-01,403.3,-32,One 97 Communications Limited
3,2023-02-01,597.25,-25,One 97 Communications Limited
4,2022-02-01,798.1,-,One 97 Communications Limited
Latest,2026-01-01,510.35,-36,PG Electroplast Limited
1,2025-02-01,794.45,338,PG Electroplast Limited
2,2024-02-01,181.5,30,PG Electroplast Limited
3,2023-02-01,139.21,128,PG Electroplast Limited
4,2022-02-01,61.15,103,PG Electroplast Limited
5,2021-02-01,30.19,328,PG Electroplast Limited
6,2020-02-01,7.06,-17,PG Electroplast Limited
7,2019-02-01,8.47,-73,PG Electroplast Limited
8,2018-02-01,31.01,68,PG Electroplast Limited
9,2017-02-01,18.46,-,PG Electroplast Limited
Latest,2026-01-01,3175.4,6,PI Industries Limited
1,2025-02-01,3000.98,-18,PI Industries Limited
2,2024-02-01,3643.34,19,PI Industries Limited
3,2023-02-01,3066.04,26,PI Industries Limited
4,2022-02-01,2436.63,14,PI Industries Limited
5,2021-02-01,2144.98,43,PI Industries Limited
6,2020-02-01,1505.02,66,PI Industries Limited
7,2019-02-01,905.28,6,PI Industries Limited
8,2018-02-01,851.23,3,PI Industries Limited
9,2017-02-01,824.16,-,PI Industries Limited
Latest,2026-01-01,17478.0,71,PTC Industries Limited
1,2025-02-01,10204.8,21,PTC Industries Limited
2,2024-02-01,8460.9,-,PTC Industries Limited
Latest,2026-01-01,622.95,43,Paras Defence and Space Technologies Limited
1,2025-02-01,437.01,-40,Paras Defence and Space Technologies Limited
2,2024-02-01,722.39,56,Paras Defence and Space Technologies Limited
3,2023-02-01,462.94,-27,Paras Defence and Space Technologies Limited
4,2022-02-01,631.91,-,Paras Defence and Space Technologies Limited
Latest,2025-07-01,,-,Persistent Systems Limited
1,2025-01-01,,-,Persistent Systems Limited
2,2024-01-01,,-,Persistent Systems Limited
3,2023-02-01,4715.98,23,Persistent Systems Limited
4,2022-02-01,3836.05,143,Persistent Systems Limited
5,2021-02-01,1581.33,142,Persistent Systems Limited
6,2020-02-01,653.5,8,Persistent Systems Limited
7,2019-02-01,604.64,-22,Persistent Systems Limited
8,2018-02-01,778.55,35,Persistent Systems Limited
9,2017-02-01,575.19,-,Persistent Systems Limited
Latest,2026-01-01,1447.9,10,Pidilite Industries Limited
1,2025-02-01,1319.89,-2,Pidilite Industries Limited
2,2024-02-01,1351.83,19,Pidilite Industries Limited
3,2023-02-01,1132.03,-4,Pidilite Industries Limited
4,2022-02-01,1177.22,43,Pidilite Industries Limited
5,2021-02-01,822.93,12,Pidilite Industries Limited
6,2020-02-01,735.32,32,Pidilite Industries Limited
7,2019-02-01,557.12,29,Pidilite Industries Limited
8,2018-02-01,433.26,33,Pidilite Industries Limited
9,2017-02-01,326.14,-,Pidilite Industries Limited
Latest,2026-01-01,151.41,-20,Piramal Pharma Limited
1,2025-02-01,189.77,44,Piramal Pharma Limited
2,2024-02-01,131.72,71,Piramal Pharma Limited
3,2023-02-01,76.85,-,Piramal Pharma Limited
Latest,2026-01-01,1297.5,-9,Pix Transmissions Ltd
1,2025-02-01,1420.25,4,Pix Transmissions Ltd
2,2024-02-01,1363.0,85,Pix Transmissions Ltd
3,2023-02-01,737.02,-,Pix Transmissions Ltd
Latest,2026-01-01,720.9,-35,Pokarna Limited
1,2025-02-01,1103.47,123,Pokarna Limited
2,2024-02-01,495.47,73,Pokarna Limited
3,2023-02-01,286.98,-54,Pokarna Limited
4,2022-02-01,627.96,221,Pokarna Limited
5,2021-02-01,195.68,151,Pokarna Limited
6,2020-02-01,78.04,-51,Pokarna Limited
7,2019-02-01,159.26,-25,Pokarna Limited
8,2018-02-01,211.32,-1,Pokarna Limited
9,2017-02-01,213.62,-,Pokarna Limited
Latest,2026-01-01,1590.0,-22,Poly Medicure Limited
1,2025-02-01,2031.93,30,Poly Medicure Limited
2,2024-02-01,1558.54,67,Poly Medicure Limited
3,2023-02-01,932.13,18,Poly Medicure Limited
4,2022-02-01,792.19,14,Poly Medicure Limited
5,2021-02-01,696.81,138,Poly Medicure Limited
6,2020-02-01,292.37,46,Poly Medicure Limited
7,2019-02-01,199.67,-18,Poly Medicure Limited
8,2018-02-01,243.74,1,Poly Medicure Limited
9,2017-02-01,240.16,-,Poly Medicure Limited
Latest,2026-01-01,6722.0,43,Polycab India Limited
1,2025-02-01,4687.17,-0,Polycab India Limited
2,2024-02-01,4701.77,55,Polycab India Limited
3,2023-02-01,3032.94,31,Polycab India Limited
4,2022-02-01,2321.81,79,Polycab India Limited
5,2021-02-01,1300.52,27,Polycab India Limited
6,2020-02-01,1026.43,-,Polycab India Limited
Latest,2026-01-01,254.15,5,Power Grid Corporation of India Limited
1,2025-02-01,242.8,-8,Power Grid Corporation of India Limited
2,2024-02-01,263.27,81,Power Grid Corporation of India Limited
3,2023-02-01,145.84,13,Power Grid Corporation of India Limited
4,2022-02-01,129.14,40,Power Grid Corporation of India Limited
5,2021-02-01,92.51,29,Power Grid Corporation of India Limited
6,2020-02-01,71.99,4,Power Grid Corporation of India Limited
7,2019-02-01,69.52,-5,Power Grid Corporation of India Limited
8,2018-02-01,73.17,5,Power Grid Corporation of India Limited
9,2017-02-01,69.65,-,Power Grid Corporation of India Limited
Latest,2026-01-01,91.7,26,PowerGrid Infrastructure Investment Trust
1,2025-02-01,72.7,-5,PowerGrid Infrastructure Investment Trust
2,2024-02-01,76.47,-11,PowerGrid Infrastructure Investment Trust
3,2023-02-01,85.67,7,PowerGrid Infrastructure Investment Trust
4,2022-02-01,79.72,-,PowerGrid Infrastructure Investment Trust
Latest,2026-01-01,283.55,-41,Praj Industries Limited
1,2025-02-01,482.2,-1,Praj Industries Limited
2,2024-02-01,489.43,44,Praj Industries Limited
3,2023-02-01,340.04,5,Praj Industries Limited
4,2022-02-01,325.33,108,Praj Industries Limited
5,2021-02-01,156.32,80,Praj Industries Limited
6,2020-02-01,87.01,-32,Praj Industries Limited
7,2019-02-01,127.81,60,Praj Industries Limited
8,2018-02-01,80.08,17,Praj Industries Limited
9,2017-02-01,68.64,-,Praj Industries Limited
Latest,2026-01-01,214.83,58,Precision Wires India Limited
1,2025-02-01,135.57,-1,Precision Wires India Limited
2,2024-02-01,136.56,117,Precision Wires India Limited
3,2023-02-01,62.88,11,Precision Wires India Limited
4,2022-02-01,56.86,161,Precision Wires India Limited
5,2021-02-01,21.79,40,Precision Wires India Limited
6,2020-02-01,15.61,-32,Precision Wires India Limited
7,2019-02-01,22.79,-36,Precision Wires India Limited
8,2018-02-01,35.49,157,Precision Wires India Limited
9,2017-02-01,13.8,-,Precision Wires India Limited
Latest,2026-01-01,471.1,41,Premier Explosives Limited
1,2025-02-01,333.32,12,Premier Explosives Limited
2,2024-02-01,297.34,308,Premier Explosives Limited
3,2023-02-01,72.94,21,Premier Explosives Limited
4,2022-02-01,60.3,109,Premier Explosives Limited
5,2021-02-01,28.86,27,Premier Explosives Limited
6,2020-02-01,22.81,-50,Premier Explosives Limited
7,2019-02-01,45.89,-39,Premier Explosives Limited
8,2018-02-01,74.85,12,Premier Explosives Limited
9,2017-02-01,66.88,-,Premier Explosives Limited
Latest,2026-01-01,581.5,47,Pricol Limited
1,2025-02-01,396.5,-1,Pricol Limited
2,2024-02-01,401.88,114,Pricol Limited
3,2023-02-01,187.36,72,Pricol Limited
4,2022-02-01,108.83,58,Pricol Limited
5,2021-02-01,68.72,115,Pricol Limited
6,2020-02-01,31.98,1,Pricol Limited
7,2019-02-01,31.72,-62,Pricol Limited
8,2018-02-01,84.44,12,Pricol Limited
9,2017-02-01,75.61,-,Pricol Limited
Latest,2026-01-01,217.52,129,Prime Focus Limited
1,2025-02-01,95.16,-15,Prime Focus Limited
2,2024-02-01,112.0,47,Prime Focus Limited
3,2023-02-01,76.15,1,Prime Focus Limited
4,2022-02-01,75.75,26,Prime Focus Limited
5,2021-02-01,60.25,27,Prime Focus Limited
6,2020-02-01,47.4,-28,Prime Focus Limited
7,2019-02-01,66.05,-35,Prime Focus Limited
8,2018-02-01,101.8,20,Prime Focus Limited
9,2017-02-01,84.9,-,Prime Focus Limited
Latest,2026-01-01,5395.5,10,Procter & Gamble Health Limited
1,2025-02-01,4923.51,4,Procter & Gamble Health Limited
2,2024-02-01,4743.03,11,Procter & Gamble Health Limited
3,2023-02-01,4273.81,4,Procter & Gamble Health Limited
4,2022-02-01,4125.13,-30,Procter & Gamble Health Limited
5,2021-02-01,5905.02,67,Procter & Gamble Health Limited
6,2020-02-01,3543.71,48,Procter & Gamble Health Limited
7,2019-02-01,2401.94,101,Procter & Gamble Health Limited
8,2018-02-01,1194.92,57,Procter & Gamble Health Limited
9,2017-02-01,759.87,-,Procter & Gamble Health Limited
Latest,2026-01-01,12157.0,-9,Procter & Gamble Hygiene and Health Care Limited
1,2025-02-01,13368.96,-13,Procter & Gamble Hygiene and Health Care Limited
2,2024-02-01,15299.13,16,Procter & Gamble Hygiene and Health Care Limited
3,2023-02-01,13227.38,-10,Procter & Gamble Hygiene and Health Care Limited
4,2022-02-01,14715.19,23,Procter & Gamble Hygiene and Health Care Limited
5,2021-02-01,11990.72,17,Procter & Gamble Hygiene and Health Care Limited
6,2020-02-01,10236.16,4,Procter & Gamble Hygiene and Health Care Limited
7,2019-02-01,9810.02,15,Procter & Gamble Hygiene and Health Care Limited
8,2018-02-01,8525.46,39,Procter & Gamble Hygiene and Health Care Limited
9,2017-02-01,6129.0,-,Procter & Gamble Hygiene and Health Care Limited
Latest,2026-01-01,1351.6,53,R R Kabel Limited
1,2025-02-01,885.37,-38,R R Kabel Limited
2,2024-02-01,1434.0,-,R R Kabel Limited
Latest,2026-01-01,1185.6,-4,RAINBOW CHILDREN'S MEDICARE LIMITED
1,2025-02-01,1237.14,-8,RAINBOW CHILDREN'S MEDICARE LIMITED
2,2024-02-01,1350.96,84,RAINBOW CHILDREN'S MEDICARE LIMITED
3,2023-02-01,734.88,-,RAINBOW CHILDREN'S MEDICARE LIMITED
Latest,2026-01-01,217.79,9,RITES Limited
1,2025-02-01,199.88,-46,RITES Limited
2,2024-02-01,370.17,151,RITES Limited
3,2023-02-01,147.32,44,RITES Limited
4,2022-02-01,102.05,4,RITES Limited
5,2021-02-01,98.15,-12,RITES Limited
6,2020-02-01,111.21,63,RITES Limited
7,2019-02-01,68.14,-,RITES Limited
Latest,2026-01-01,2135.7,3,RPG Life Sciences Limited
1,2025-02-01,2069.54,39,RPG Life Sciences Limited
2,2024-02-01,1487.32,79,RPG Life Sciences Limited
3,2023-02-01,829.45,75,RPG Life Sciences Limited
4,2022-02-01,473.75,21,RPG Life Sciences Limited
5,2021-02-01,390.42,79,RPG Life Sciences Limited
6,2020-02-01,218.52,6,RPG Life Sciences Limited
7,2019-02-01,205.34,-50,RPG Life Sciences Limited
8,2018-02-01,410.53,4,RPG Life Sciences Limited
9,2017-02-01,395.51,-,RPG Life Sciences Limited
Latest,2026-01-01,2962.0,43,Radico Khaitan Limited
1,2025-02-01,2070.05,32,Radico Khaitan Limited
2,2024-02-01,1564.79,36,Radico Khaitan Limited
3,2023-02-01,1154.53,30,Radico Khaitan Limited
4,2022-02-01,886.27,57,Radico Khaitan Limited
5,2021-02-01,563.39,39,Radico Khaitan Limited
6,2020-02-01,403.87,14,Radico Khaitan Limited
7,2019-02-01,355.31,5,Radico Khaitan Limited
8,2018-02-01,339.14,168,Radico Khaitan Limited
9,2017-02-01,126.77,-,Radico Khaitan Limited
Latest,2026-01-01,325.15,-2,Rail Vikas Nigam Limited
1,2025-02-01,330.67,37,Rail Vikas Nigam Limited
2,2024-02-01,242.04,336,Rail Vikas Nigam Limited
3,2023-02-01,55.47,96,Rail Vikas Nigam Limited
4,2022-02-01,28.37,3,Rail Vikas Nigam Limited
5,2021-02-01,27.64,58,Rail Vikas Nigam Limited
6,2020-02-01,17.44,-,Rail Vikas Nigam Limited
Latest,2026-01-01,328.2,18,Raitel Corporation of India Limited
1,2025-02-01,278.77,-37,Raitel Corporation of India Limited
2,2024-02-01,442.33,321,Raitel Corporation of India Limited
3,2023-02-01,105.15,19,Raitel Corporation of India Limited
4,2022-02-01,88.41,-,Raitel Corporation of India Limited
Latest,2025-08-01,,-,Rajapalayam Mills Limited
1,2025-01-01,1052.07,18,Rajapalayam Mills Limited
2,2024-02-01,895.31,52,Rajapalayam Mills Limited
3,2023-02-01,590.61,-34,Rajapalayam Mills Limited
4,2022-02-01,901.15,27,Rajapalayam Mills Limited
5,2021-02-01,710.48,8,Rajapalayam Mills Limited
6,2020-02-01,657.27,-6,Rajapalayam Mills Limited
7,2019-02-01,700.68,-36,Rajapalayam Mills Limited
8,2018-02-01,1091.99,50,Rajapalayam Mills Limited
9,2017-02-01,728.9,-,Rajapalayam Mills Limited
Latest,2026-01-01,302.75,32,Ramco Industries Limited
1,2025-02-01,228.68,5,Ramco Industries Limited
2,2024-02-01,218.3,64,Ramco Industries Limited
3,2023-02-01,133.23,-39,Ramco Industries Limited
4,2022-02-01,216.73,-12,Ramco Industries Limited
5,2021-02-01,246.83,48,Ramco Industries Limited
6,2020-02-01,167.24,-10,Ramco Industries Limited
7,2019-02-01,186.55,-25,Ramco Industries Limited
8,2018-02-01,248.77,22,Ramco Industries Limited
9,2017-02-01,203.38,-,Ramco Industries Limited
Latest,2026-01-01,510.5,-21,Ramkrishna Forgings Ltd
1,2025-02-01,646.92,-17,Ramkrishna Forgings Ltd
2,2024-02-01,778.85,203,Ramkrishna Forgings Ltd
3,2023-02-01,256.67,60,Ramkrishna Forgings Ltd
4,2022-02-01,160.05,47,Ramkrishna Forgings Ltd
5,2021-02-01,108.96,90,Ramkrishna Forgings Ltd
6,2020-02-01,57.23,-39,Ramkrishna Forgings Ltd
7,2019-02-01,93.79,-36,Ramkrishna Forgings Ltd
8,2018-02-01,146.97,89,Ramkrishna Forgings Ltd
9,2017-02-01,77.91,-,Ramkrishna Forgings Ltd
Latest,2026-01-01,615.0,26,RateGain Travel Technologies Limited
1,2025-02-01,490.0,-40,RateGain Travel Technologies Limited
2,2024-02-01,812.1,131,RateGain Travel Technologies Limited
3,2023-02-01,352.2,18,RateGain Travel Technologies Limited
4,2022-02-01,299.55,-,RateGain Travel Technologies Limited
Latest,2026-01-01,369.7,-71,Raymond Limited
1,2025-02-01,1293.35,-29,Raymond Limited
2,2024-02-01,1826.7,45,Raymond Limited
3,2023-02-01,1264.04,74,Raymond Limited
4,2022-02-01,726.95,97,Raymond Limited
5,2021-02-01,368.36,-26,Raymond Limited
6,2020-02-01,500.41,-34,Raymond Limited
7,2019-02-01,758.0,-19,Raymond Limited
8,2018-02-01,939.52,52,Raymond Limited
9,2017-02-01,617.7,-,Raymond Limited
Latest,2026-01-01,1386.1,16,Reliance Industries Limited
1,2025-02-01,1195.33,-18,Reliance Industries Limited
2,2024-02-01,1450.07,37,Reliance Industries Limited
3,2023-02-01,1060.24,-1,Reliance Industries Limited
4,2022-02-01,1073.62,14,Reliance Industries Limited
5,2021-02-01,945.77,59,Reliance Industries Limited
6,2020-02-01,594.38,9,Reliance Industries Limited
7,2019-02-01,547.43,30,Reliance Industries Limited
8,2018-02-01,421.65,55,Reliance Industries Limited
9,2017-02-01,271.29,-,Reliance Industries Limited
Latest,2026-01-01,131.51,79,SBI Gold ETF
1,2025-02-01,73.47,35,SBI Gold ETF
2,2024-02-01,54.23,11,SBI Gold ETF
3,2023-02-01,48.83,10,SBI Gold ETF
4,2022-02-01,44.58,8,SBI Gold ETF
5,2021-02-01,41.26,8,SBI Gold ETF
6,2020-02-01,38.19,28,SBI Gold ETF
7,2019-02-01,29.92,8,SBI Gold ETF
8,2018-02-01,27.71,2,SBI Gold ETF
9,2017-02-01,27.24,-,SBI Gold ETF
Latest,2026-01-01,285.51,16,SBI Nifty Private Bank ETF
1,2025-02-01,246.77,6,SBI Nifty Private Bank ETF
2,2024-02-01,233.49,13,SBI Nifty Private Bank ETF
3,2023-02-01,206.5,12,SBI Nifty Private Bank ETF
4,2022-02-01,184.48,-2,SBI Nifty Private Bank ETF
5,2021-02-01,187.8,-,SBI Nifty Private Bank ETF
Latest,2026-01-01,2713.7,-3,SRF Limited
1,2025-02-01,2788.33,17,SRF Limited
2,2024-02-01,2376.49,11,SRF Limited
3,2023-02-01,2149.54,-9,SRF Limited
4,2022-02-01,2354.65,119,SRF Limited
5,2021-02-01,1072.93,41,SRF Limited
6,2020-02-01,763.24,71,SRF Limited
7,2019-02-01,447.58,22,SRF Limited
8,2018-02-01,367.94,23,SRF Limited
9,2017-02-01,299.15,-,SRF Limited
Latest,2026-01-01,261.7,-0,SURAKSHA DIAGNOSTIC LIMITED
1,2025-02-01,262.9,-,SURAKSHA DIAGNOSTIC LIMITED
Latest,2026-01-01,1981.6,-7,Safari Industries (India) Limited
1,2025-02-01,2132.71,5,Safari Industries (India) Limited
2,2024-02-01,2030.31,102,Safari Industries (India) Limited
3,2023-02-01,1005.65,144,Safari Industries (India) Limited
4,2022-02-01,412.03,30,Safari Industries (India) Limited
5,2021-02-01,316.95,10,Safari Industries (India) Limited
6,2020-02-01,287.05,-,Safari Industries (India) Limited
Latest,2026-01-01,51.69,21,Sagility Limited
1,2025-02-01,42.82,-,Sagility Limited
Latest,2026-01-01,108.4,38,Samvardhana Motherson International Limited
1,2025-02-01,78.58,-0,Samvardhana Motherson International Limited
2,2024-02-01,78.63,51,Samvardhana Motherson International Limited
3,2023-02-01,52.19,-20,Samvardhana Motherson International Limited
4,2022-02-01,65.37,16,Samvardhana Motherson International Limited
5,2021-02-01,56.52,112,Samvardhana Motherson International Limited
6,2020-02-01,26.63,-35,Samvardhana Motherson International Limited
7,2019-02-01,40.73,-25,Samvardhana Motherson International Limited
8,2018-02-01,54.45,43,Samvardhana Motherson International Limited
9,2017-02-01,38.13,-,Samvardhana Motherson International Limited
Latest,2026-01-01,48.5,-28,Sangani Hospitals Limited
1,2025-02-01,66.9,55,Sangani Hospitals Limited
2,2024-02-01,43.1,-,Sangani Hospitals Limited
Latest,2026-01-01,60.44,16,Sanghi Industries Limited
1,2025-02-01,51.89,-53,Sanghi Industries Limited
2,2024-02-01,109.3,82,Sanghi Industries Limited
3,2023-02-01,60.0,27,Sanghi Industries Limited
4,2022-02-01,47.2,11,Sanghi Industries Limited
5,2021-02-01,42.65,31,Sanghi Industries Limited
6,2020-02-01,32.55,-42,Sanghi Industries Limited
7,2019-02-01,55.95,-52,Sanghi Industries Limited
8,2018-02-01,116.55,83,Sanghi Industries Limited
9,2017-02-01,63.85,-,Sanghi Industries Limited
Latest,2026-01-01,184.9,-40,Sapphire Foods India Limited
1,2025-02-01,310.25,3,Sapphire Foods India Limited
2,2024-02-01,300.43,21,Sapphire Foods India Limited
3,2023-02-01,247.78,-3,Sapphire Foods India Limited
4,2022-02-01,254.68,-,Sapphire Foods India Limited
Latest,2026-01-01,333.75,-23,Saregama India Limited
1,2025-02-01,435.17,11,Saregama India Limited
2,2024-02-01,390.89,27,Saregama India Limited
3,2023-02-01,308.93,-15,Saregama India Limited
4,2022-02-01,364.76,275,Saregama India Limited
5,2021-02-01,97.39,210,Saregama India Limited
6,2020-02-01,31.42,-37,Saregama India Limited
7,2019-02-01,49.89,-22,Saregama India Limited
8,2018-02-01,63.8,241,Saregama India Limited
9,2017-02-01,18.72,-,Saregama India Limited
Latest,2026-01-01,606.7,-1,Schneider Electric Infrastructure Limited
1,2025-02-01,612.05,-4,Schneider Electric Infrastructure Limited
2,2024-02-01,637.2,293,Schneider Electric Infrastructure Limited
3,2023-02-01,161.95,44,Schneider Electric Infrastructure Limited
4,2022-02-01,112.45,-2,Schneider Electric Infrastructure Limited
5,2021-02-01,114.45,22,Schneider Electric Infrastructure Limited
6,2020-02-01,93.75,-3,Schneider Electric Infrastructure Limited
7,2019-02-01,96.55,-12,Schneider Electric Infrastructure Limited
8,2018-02-01,110.05,-18,Schneider Electric Infrastructure Limited
9,2017-02-01,134.85,-,Schneider Electric Infrastructure Limited
Latest,2026-01-01,1890.3,25,Shaily Engineering Plastics Limited
1,2025-02-01,1517.32,182,Shaily Engineering Plastics Limited
2,2024-02-01,539.0,147,Shaily Engineering Plastics Limited
3,2023-02-01,217.97,-,Shaily Engineering Plastics Limited
Latest,2026-01-01,638.95,-21,Shakti Pumps (India) Limited
1,2025-02-01,807.08,269,Shakti Pumps (India) Limited
2,2024-02-01,218.77,208,Shakti Pumps (India) Limited
3,2023-02-01,71.03,-13,Shakti Pumps (India) Limited
4,2022-02-01,81.63,-6,Shakti Pumps (India) Limited
5,2021-02-01,86.4,157,Shakti Pumps (India) Limited
6,2020-02-01,33.62,-44,Shakti Pumps (India) Limited
7,2019-02-01,59.51,-34,Shakti Pumps (India) Limited
8,2018-02-01,90.83,245,Shakti Pumps (India) Limited
9,2017-02-01,26.29,-,Shakti Pumps (India) Limited
Latest,2026-01-01,164.75,-13,Shalby Limited
1,2025-02-01,189.61,-29,Shalby Limited
2,2024-02-01,268.15,120,Shalby Limited
3,2023-02-01,121.98,0,Shalby Limited
4,2022-02-01,121.56,17,Shalby Limited
5,2021-02-01,104.02,32,Shalby Limited
6,2020-02-01,78.57,-40,Shalby Limited
7,2019-02-01,129.88,-39,Shalby Limited
8,2018-02-01,212.13,-,Shalby Limited
Latest,2026-01-01,450.05,7,Shanthi Gears Limited
1,2025-02-01,420.0,-18,Shanthi Gears Limited
2,2024-02-01,510.63,54,Shanthi Gears Limited
3,2023-02-01,331.93,86,Shanthi Gears Limited
4,2022-02-01,178.45,38,Shanthi Gears Limited
5,2021-02-01,129.15,57,Shanthi Gears Limited
6,2020-02-01,82.09,-23,Shanthi Gears Limited
7,2019-02-01,106.14,-15,Shanthi Gears Limited
8,2018-02-01,125.23,30,Shanthi Gears Limited
9,2017-02-01,96.6,-,Shanthi Gears Limited
Latest,2026-01-01,840.05,9,Sharda Motor Industries Limited
1,2025-02-01,772.61,-43,Sharda Motor Industries Limited
2,2024-02-01,1346.92,129,Sharda Motor Industries Limited
3,2023-02-01,589.29,-16,Sharda Motor Industries Limited
4,2022-02-01,705.49,61,Sharda Motor Industries Limited
5,2021-02-01,437.08,165,Sharda Motor Industries Limited
6,2020-02-01,164.77,-44,Sharda Motor Industries Limited
7,2019-02-01,296.07,-31,Sharda Motor Industries Limited
8,2018-02-01,426.64,66,Sharda Motor Industries Limited
9,2017-02-01,257.66,-,Sharda Motor Industries Limited
Latest,2025-08-01,,-,Shilchar Technologies Limited
1,2025-01-01,8302.23,110,Shilchar Technologies Limited
2,2024-02-01,3958.03,519,Shilchar Technologies Limited
3,2023-02-01,639.53,290,Shilchar Technologies Limited
4,2022-02-01,163.95,70,Shilchar Technologies Limited
5,2021-02-01,96.54,47,Shilchar Technologies Limited
6,2020-02-01,65.57,-59,Shilchar Technologies Limited
7,2019-02-01,161.43,-14,Shilchar Technologies Limited
8,2018-02-01,188.64,1,Shilchar Technologies Limited
9,2017-02-01,186.93,-,Shilchar Technologies Limited
Latest,2026-01-01,267.0,-12,Shilpa Medicare Limited
1,2025-02-01,304.68,47,Shilpa Medicare Limited
2,2024-02-01,207.97,62,Shilpa Medicare Limited
3,2023-02-01,128.52,-36,Shilpa Medicare Limited
4,2022-02-01,202.1,10,Shilpa Medicare Limited
5,2021-02-01,183.2,-19,Shilpa Medicare Limited
6,2020-02-01,226.61,31,Shilpa Medicare Limited
7,2019-02-01,172.9,-20,Shilpa Medicare Limited
8,2018-02-01,215.49,-32,Shilpa Medicare Limited
9,2017-02-01,315.18,-,Shilpa Medicare Limited
Latest,2026-01-01,2900.4,7,Siemens Limited
1,2025-02-01,2713.99,-1,Siemens Limited
2,2024-02-01,2737.08,45,Siemens Limited
3,2023-02-01,1891.55,39,Siemens Limited
4,2022-02-01,1359.7,28,Siemens Limited
5,2021-02-01,1065.43,44,Siemens Limited
6,2020-02-01,739.55,31,Siemens Limited
7,2019-02-01,562.69,-14,Siemens Limited
8,2018-02-01,654.82,-2,Siemens Limited
9,2017-02-01,670.75,-,Siemens Limited
Latest,2026-01-01,12658.0,45,Solar Industries India Limited
1,2025-02-01,8705.39,30,Solar Industries India Limited
2,2024-02-01,6721.24,72,Solar Industries India Limited
3,2023-02-01,3906.55,70,Solar Industries India Limited
4,2022-02-01,2298.25,78,Solar Industries India Limited
5,2021-02-01,1291.94,13,Solar Industries India Limited
6,2020-02-01,1140.29,24,Solar Industries India Limited
7,2019-02-01,921.93,-8,Solar Industries India Limited
8,2018-02-01,999.74,45,Solar Industries India Limited
9,2017-02-01,691.75,-,Solar Industries India Limited
Latest,2026-01-01,308.2,-13,Sonata Software Limited
1,2025-02-01,354.81,-55,Sonata Software Limited
2,2024-02-01,792.13,126,Sonata Software Limited
3,2023-02-01,349.8,36,Sonata Software Limited
4,2022-02-01,256.77,57,Sonata Software Limited
5,2021-02-01,163.46,51,Sonata Software Limited
6,2020-02-01,108.38,3,Sonata Software Limited
7,2019-02-01,104.8,9,Sonata Software Limited
8,2018-02-01,96.3,77,Sonata Software Limited
9,2017-02-01,54.53,-,Sonata Software Limited
Latest,2026-01-01,22.91,-50,Spicejet Limited
1,2025-02-01,45.91,-28,Spicejet Limited
2,2024-02-01,64.17,72,Spicejet Limited
3,2023-02-01,37.25,-38,Spicejet Limited
4,2022-02-01,60.2,-27,Spicejet Limited
5,2021-02-01,82.7,-1,Spicejet Limited
6,2020-02-01,83.3,4,Spicejet Limited
7,2019-02-01,79.85,-42,Spicejet Limited
8,2018-02-01,138.05,83,Spicejet Limited
9,2017-02-01,75.25,-,Spicejet Limited
Latest,2026-01-01,137.0,5,Standard Engineering Technology Limited
1,2025-02-01,130.1,-,Standard Engineering Technology Limited
Latest,2026-01-01,88.39,3,Sterlite Technologies Limited
1,2025-02-01,86.22,-37,Sterlite Technologies Limited
2,2024-02-01,136.9,-13,Sterlite Technologies Limited
3,2023-02-01,157.65,-10,Sterlite Technologies Limited
4,2022-02-01,175.14,-14,Sterlite Technologies Limited
5,2021-02-01,204.64,131,Sterlite Technologies Limited
6,2020-02-01,88.58,-61,Sterlite Technologies Limited
7,2019-02-01,227.91,-32,Sterlite Technologies Limited
8,2018-02-01,336.61,179,Sterlite Technologies Limited
9,2017-02-01,120.77,-,Sterlite Technologies Limited
Latest,2026-01-01,2176.3,38,Stylam Industries Limited
1,2025-02-01,1576.4,1,Stylam Industries Limited
2,2024-02-01,1557.6,44,Stylam Industries Limited
3,2023-02-01,1078.59,17,Stylam Industries Limited
4,2022-02-01,918.16,-,Stylam Industries Limited
Latest,2026-01-01,745.15,31,Subros Limited
1,2025-02-01,569.16,-4,Subros Limited
2,2024-02-01,590.83,112,Subros Limited
3,2023-02-01,278.8,-20,Subros Limited
4,2022-02-01,346.44,5,Subros Limited
5,2021-02-01,330.83,47,Subros Limited
6,2020-02-01,225.0,-6,Subros Limited
7,2019-02-01,239.36,-27,Subros Limited
8,2018-02-01,326.65,71,Subros Limited
9,2017-02-01,191.36,-,Subros Limited
Latest,2026-01-01,1631.9,3,Sun Pharmaceutical Industries Limited
1,2025-02-01,1578.51,2,Sun Pharmaceutical Industries Limited
2,2024-02-01,1549.58,67,Sun Pharmaceutical Industries Limited
3,2023-02-01,929.11,15,Sun Pharmaceutical Industries Limited
4,2022-02-01,810.57,44,Sun Pharmaceutical Industries Limited
5,2021-02-01,564.68,61,Sun Pharmaceutical Industries Limited
6,2020-02-01,350.93,-16,Sun Pharmaceutical Industries Limited
7,2019-02-01,416.22,-17,Sun Pharmaceutical Industries Limited
8,2018-02-01,499.05,-21,Sun Pharmaceutical Industries Limited
9,2017-02-01,628.74,-,Sun Pharmaceutical Industries Limited
Latest,2026-01-01,311.75,-7,Swiggy Limited
1,2025-02-01,334.65,-,Swiggy Limited
Latest,2026-01-01,665.35,61,Syrma SGS Technology Limited
1,2025-02-01,413.09,-21,Syrma SGS Technology Limited
2,2024-02-01,521.53,98,Syrma SGS Technology Limited
3,2023-02-01,263.24,-,Syrma SGS Technology Limited
Latest,2026-01-01,2644.8,-32,TCPL Packaging Limited
1,2025-02-01,3877.25,77,TCPL Packaging Limited
2,2024-02-01,2185.11,70,TCPL Packaging Limited
3,2023-02-01,1286.99,96,TCPL Packaging Limited
4,2022-02-01,656.58,85,TCPL Packaging Limited
5,2021-02-01,355.01,41,TCPL Packaging Limited
6,2020-02-01,251.01,-25,TCPL Packaging Limited
7,2019-02-01,334.15,-41,TCPL Packaging Limited
8,2018-02-01,564.91,-,TCPL Packaging Limited
Latest,2026-01-01,440.25,96,THYROCARE TECHNOLOGIES LIMITED
1,2025-02-01,224.32,2,THYROCARE TECHNOLOGIES LIMITED
2,2024-02-01,220.68,59,THYROCARE TECHNOLOGIES LIMITED
3,2023-02-01,139.22,-46,THYROCARE TECHNOLOGIES LIMITED
4,2022-02-01,259.26,-4,THYROCARE TECHNOLOGIES LIMITED
5,2021-02-01,271.19,56,THYROCARE TECHNOLOGIES LIMITED
6,2020-02-01,173.47,17,THYROCARE TECHNOLOGIES LIMITED
7,2019-02-01,147.86,-14,THYROCARE TECHNOLOGIES LIMITED
8,2018-02-01,172.48,-10,THYROCARE TECHNOLOGIES LIMITED
9,2017-02-01,190.6,-,THYROCARE TECHNOLOGIES LIMITED
Latest,2026-01-01,13467.0,66,TVS Holdings Limited
1,2025-02-01,8098.81,-9,TVS Holdings Limited
2,2024-02-01,8858.39,123,TVS Holdings Limited
3,2023-02-01,3979.2,26,TVS Holdings Limited
4,2022-02-01,3158.59,11,TVS Holdings Limited
5,2021-02-01,2836.49,85,TVS Holdings Limited
6,2020-02-01,1532.4,-31,TVS Holdings Limited
7,2019-02-01,2206.25,-41,TVS Holdings Limited
8,2018-02-01,3765.32,46,TVS Holdings Limited
9,2017-02-01,2582.5,-,TVS Holdings Limited
Latest,2026-01-01,3549.8,60,TVS Motor Company Limited
1,2025-02-01,2216.31,4,TVS Motor Company Limited
2,2024-02-01,2121.98,99,TVS Motor Company Limited
3,2023-02-01,1066.34,76,TVS Motor Company Limited
4,2022-02-01,605.87,4,TVS Motor Company Limited
5,2021-02-01,580.12,38,TVS Motor Company Limited
6,2020-02-01,421.47,-4,TVS Motor Company Limited
7,2019-02-01,436.92,-33,TVS Motor Company Limited
8,2018-02-01,653.08,60,TVS Motor Company Limited
9,2017-02-01,408.79,-,TVS Motor Company Limited
Latest,2026-01-01,356.8,-20,Taj GVK Hotels and Resorts Limited
1,2025-02-01,446.22,21,Taj GVK Hotels and Resorts Limited
2,2024-02-01,368.58,99,Taj GVK Hotels and Resorts Limited
3,2023-02-01,185.37,42,Taj GVK Hotels and Resorts Limited
4,2022-02-01,130.52,6,Taj GVK Hotels and Resorts Limited
5,2021-02-01,122.88,-19,Taj GVK Hotels and Resorts Limited
6,2020-02-01,152.28,-15,Taj GVK Hotels and Resorts Limited
7,2019-02-01,180.01,10,Taj GVK Hotels and Resorts Limited
8,2018-02-01,163.03,30,Taj GVK Hotels and Resorts Limited
9,2017-02-01,125.65,-,Taj GVK Hotels and Resorts Limited
Latest,2026-01-01,713.5,-7,Tata Chemicals Limited
1,2025-02-01,768.45,-16,Tata Chemicals Limited
2,2024-02-01,915.91,-2,Tata Chemicals Limited
3,2023-02-01,934.19,18,Tata Chemicals Limited
4,2022-02-01,794.94,15,Tata Chemicals Limited
5,2021-02-01,689.46,143,Tata Chemicals Limited
6,2020-02-01,283.22,34,Tata Chemicals Limited
7,2019-02-01,210.93,-15,Tata Chemicals Limited
8,2018-02-01,248.28,31,Tata Chemicals Limited
9,2017-02-01,189.57,-,Tata Chemicals Limited
Latest,2026-01-01,3162.5,-6,Tata Consultancy Services Limited
1,2025-02-01,3366.89,-12,Tata Consultancy Services Limited
2,2024-02-01,3840.43,26,Tata Consultancy Services Limited
3,2023-02-01,3046.73,-4,Tata Consultancy Services Limited
4,2022-02-01,3158.13,24,Tata Consultancy Services Limited
5,2021-02-01,2544.31,47,Tata Consultancy Services Limited
6,2020-02-01,1725.86,4,Tata Consultancy Services Limited
7,2019-02-01,1652.76,33,Tata Consultancy Services Limited
8,2018-02-01,1246.26,25,Tata Consultancy Services Limited
9,2017-02-01,993.62,-,Tata Consultancy Services Limited
Latest,2026-01-01,1153.5,21,Tata Consumer Products Limited
1,2025-02-01,956.61,-18,Tata Consumer Products Limited
2,2024-02-01,1173.21,68,Tata Consumer Products Limited
3,2023-02-01,697.59,0,Tata Consumer Products Limited
4,2022-02-01,695.28,19,Tata Consumer Products Limited
5,2021-02-01,586.03,77,Tata Consumer Products Limited
6,2020-02-01,330.61,81,Tata Consumer Products Limited
7,2019-02-01,183.02,-29,Tata Consumer Products Limited
8,2018-02-01,257.9,105,Tata Consumer Products Limited
9,2017-02-01,125.5,-,Tata Consumer Products Limited
Latest,2026-01-01,5409.5,1,Tata Elxsi Limited
1,2025-02-01,5350.57,-30,Tata Elxsi Limited
2,2024-02-01,7649.11,28,Tata Elxsi Limited
3,2023-02-01,5955.49,-4,Tata Elxsi Limited
4,2022-02-01,6217.84,145,Tata Elxsi Limited
5,2021-02-01,2536.75,207,Tata Elxsi Limited
6,2020-02-01,827.56,1,Tata Elxsi Limited
7,2019-02-01,816.94,-15,Tata Elxsi Limited
8,2018-02-01,964.93,41,Tata Elxsi Limited
9,2017-02-01,682.4,-,Tata Elxsi Limited
Latest,2026-01-01,344.45,-,Tata Motors Passenger Vehicles Limited
Latest,2026-01-01,657.55,-1,Tata Technologies Limited
1,2025-02-01,661.32,-37,Tata Technologies Limited
2,2024-02-01,1056.45,-,Tata Technologies Limited
Latest,2026-01-01,1701.1,18,Tech Mahindra Limited
1,2025-02-01,1446.01,20,Tech Mahindra Limited
2,2024-02-01,1204.69,20,Tech Mahindra Limited
3,2023-02-01,1003.13,-18,Tech Mahindra Limited
4,2022-02-01,1227.31,59,Tech Mahindra Limited
5,2021-02-01,771.23,31,Tech Mahindra Limited
6,2020-02-01,588.62,-8,Tech Mahindra Limited
7,2019-02-01,642.51,39,Tech Mahindra Limited
8,2018-02-01,463.66,26,Tech Mahindra Limited
9,2017-02-01,369.21,-,Tech Mahindra Limited
Latest,2026-01-01,893.4,-8,Techno Electric & Engineering Company Limited
1,2025-02-01,968.06,38,Techno Electric & Engineering Company Limited
2,2024-02-01,699.54,121,Techno Electric & Engineering Company Limited
3,2023-02-01,316.77,36,Techno Electric & Engineering Company Limited
4,2022-02-01,233.51,-15,Techno Electric & Engineering Company Limited
5,2021-02-01,275.3,-1,Techno Electric & Engineering Company Limited
6,2020-02-01,278.61,28,Techno Electric & Engineering Company Limited
7,2019-02-01,218.43,-38,Techno Electric & Engineering Company Limited
8,2018-02-01,354.33,2,Techno Electric & Engineering Company Limited
9,2017-02-01,347.84,-,Techno Electric & Engineering Company Limited
Latest,2026-01-01,304.05,-57,Tejas Networks Limited
1,2025-02-01,708.15,-5,Tejas Networks Limited
2,2024-02-01,744.03,34,Tejas Networks Limited
3,2023-02-01,557.25,37,Tejas Networks Limited
4,2022-02-01,405.94,111,Tejas Networks Limited
5,2021-02-01,192.31,316,Tejas Networks Limited
6,2020-02-01,46.18,-70,Tejas Networks Limited
7,2019-02-01,154.22,-55,Tejas Networks Limited
8,2018-02-01,345.04,-,Tejas Networks Limited
Latest,2026-01-01,119.26,-7,Texmaco Rail & Engineering Limited
1,2025-02-01,128.87,-32,Texmaco Rail & Engineering Limited
2,2024-02-01,188.94,332,Texmaco Rail & Engineering Limited
3,2023-02-01,43.78,28,Texmaco Rail & Engineering Limited
4,2022-02-01,34.14,27,Texmaco Rail & Engineering Limited
5,2021-02-01,26.83,20,Texmaco Rail & Engineering Limited
6,2020-02-01,22.44,-57,Texmaco Rail & Engineering Limited
7,2019-02-01,52.29,-38,Texmaco Rail & Engineering Limited
8,2018-02-01,83.71,8,Texmaco Rail & Engineering Limited
9,2017-02-01,77.5,-,Texmaco Rail & Engineering Limited
Latest,2026-01-01,645.8,-10,The Indian Hotels Company Limited
1,2025-02-01,714.0,22,The Indian Hotels Company Limited
2,2024-02-01,583.23,89,The Indian Hotels Company Limited
3,2023-02-01,308.1,56,The Indian Hotels Company Limited
4,2022-02-01,197.39,68,The Indian Hotels Company Limited
5,2021-02-01,117.55,-8,The Indian Hotels Company Limited
6,2020-02-01,128.35,-2,The Indian Hotels Company Limited
7,2019-02-01,131.43,1,The Indian Hotels Company Limited
8,2018-02-01,129.55,17,The Indian Hotels Company Limited
9,2017-02-01,110.59,-,The Indian Hotels Company Limited
Latest,2026-01-01,3488.5,6,The Supreme Industries Limited
1,2025-02-01,3301.46,-19,The Supreme Industries Limited
2,2024-02-01,4092.08,52,The Supreme Industries Limited
3,2023-02-01,2699.58,37,The Supreme Industries Limited
4,2022-02-01,1971.3,2,The Supreme Industries Limited
5,2021-02-01,1936.59,55,The Supreme Industries Limited
6,2020-02-01,1245.52,17,The Supreme Industries Limited
7,2019-02-01,1066.05,-3,The Supreme Industries Limited
8,2018-02-01,1097.58,19,The Supreme Industries Limited
9,2017-02-01,919.43,-,The Supreme Industries Limited
Latest,2026-01-01,1779.9,9,Thejo Engineering Limited
1,2025-02-01,1632.69,-40,Thejo Engineering Limited
2,2024-02-01,2725.37,111,Thejo Engineering Limited
3,2023-02-01,1290.88,30,Thejo Engineering Limited
4,2022-02-01,991.99,135,Thejo Engineering Limited
5,2021-02-01,422.94,144,Thejo Engineering Limited
6,2020-02-01,173.64,-10,Thejo Engineering Limited
7,2019-02-01,192.23,11,Thejo Engineering Limited
8,2018-02-01,172.45,238,Thejo Engineering Limited
9,2017-02-01,51.06,-,Thejo Engineering Limited
Latest,2026-01-01,3030.4,24,Timken India Limited
1,2025-02-01,2448.85,-9,Timken India Limited
2,2024-02-01,2692.05,-8,Timken India Limited
3,2023-02-01,2915.96,46,Timken India Limited
4,2022-02-01,2003.6,59,Timken India Limited
5,2021-02-01,1257.43,41,Timken India Limited
6,2020-02-01,891.61,67,Timken India Limited
7,2019-02-01,535.04,-27,Timken India Limited
8,2018-02-01,736.54,29,Timken India Limited
9,2017-02-01,569.88,-,Timken India Limited
Latest,2026-01-01,393.15,-26,Tips Films Limited
1,2025-02-01,531.8,-18,Tips Films Limited
2,2024-02-01,652.4,70,Tips Films Limited
3,2023-02-01,384.54,-,Tips Films Limited
Latest,2026-01-01,524.7,-9,Tips Music Limited
1,2025-02-01,577.02,16,Tips Music Limited
2,2024-02-01,497.26,248,Tips Music Limited
3,2023-02-01,142.69,-18,Tips Music Limited
4,2022-02-01,174.01,344,Tips Music Limited
5,2021-02-01,39.2,262,Tips Music Limited
6,2020-02-01,10.83,105,Tips Music Limited
7,2019-02-01,5.28,-42,Tips Music Limited
8,2018-02-01,9.18,82,Tips Music Limited
9,2017-02-01,5.05,-,Tips Music Limited
Latest,2026-01-01,786.55,13,Titagarh Rail Systems Limited
1,2025-02-01,696.17,-26,Titagarh Rail Systems Limited
2,2024-02-01,935.73,351,Titagarh Rail Systems Limited
3,2023-02-01,207.61,142,Titagarh Rail Systems Limited
4,2022-02-01,85.8,71,Titagarh Rail Systems Limited
5,2021-02-01,50.23,24,Titagarh Rail Systems Limited
6,2020-02-01,40.45,-36,Titagarh Rail Systems Limited
7,2019-02-01,63.24,-50,Titagarh Rail Systems Limited
8,2018-02-01,125.29,25,Titagarh Rail Systems Limited
9,2017-02-01,99.98,-,Titagarh Rail Systems Limited
Latest,2026-01-01,4021.8,31,Titan Company Limited
1,2025-02-01,3068.02,-15,Titan Company Limited
2,2024-02-01,3601.74,53,Titan Company Limited
3,2023-02-01,2350.35,-6,Titan Company Limited
4,2022-02-01,2513.56,81,Titan Company Limited
5,2021-02-01,1385.35,13,Titan Company Limited
6,2020-02-01,1230.55,23,Titan Company Limited
7,2019-02-01,1001.08,26,Titan Company Limited
8,2018-02-01,793.48,88,Titan Company Limited
9,2017-02-01,423.02,-,Titan Company Limited
Latest,2026-01-01,232.5,-40,Transformers and Rectifiers (India) Limited
1,2025-02-01,385.39,123,Transformers and Rectifiers (India) Limited
2,2024-02-01,172.93,480,Transformers and Rectifiers (India) Limited
3,2023-02-01,29.81,70,Transformers and Rectifiers (India) Limited
4,2022-02-01,17.49,101,Transformers and Rectifiers (India) Limited
5,2021-02-01,8.72,122,Transformers and Rectifiers (India) Limited
6,2020-02-01,3.92,-30,Transformers and Rectifiers (India) Limited
7,2019-02-01,5.57,-64,Transformers and Rectifiers (India) Limited
8,2018-02-01,15.42,-23,Transformers and Rectifiers (India) Limited
9,2017-02-01,19.94,-,Transformers and Rectifiers (India) Limited
Latest,2026-01-01,3755.9,-23,Trent Limited
1,2025-02-01,4847.35,25,Trent Limited
2,2024-02-01,3875.78,204,Trent Limited
3,2023-02-01,1274.29,16,Trent Limited
4,2022-02-01,1102.95,37,Trent Limited
5,2021-02-01,804.36,10,Trent Limited
6,2020-02-01,732.05,128,Trent Limited
7,2019-02-01,321.75,3,Trent Limited
8,2018-02-01,311.89,30,Trent Limited
9,2017-02-01,240.43,-,Trent Limited
Latest,2026-01-01,330.9,-4,Triveni Engineering and Industries Limited
1,2025-02-01,346.37,7,Triveni Engineering and Industries Limited
2,2024-02-01,322.54,24,Triveni Engineering and Industries Limited
3,2023-02-01,261.14,9,Triveni Engineering and Industries Limited
4,2022-02-01,238.64,190,Triveni Engineering and Industries Limited
5,2021-02-01,82.34,41,Triveni Engineering and Industries Limited
6,2020-02-01,58.47,16,Triveni Engineering and Industries Limited
7,2019-02-01,50.48,-14,Triveni Engineering and Industries Limited
8,2018-02-01,58.74,-9,Triveni Engineering and Industries Limited
9,2017-02-01,64.8,-,Triveni Engineering and Industries Limited
Latest,2026-01-01,2219.4,-10,Tube Investments of India Limited
1,2025-02-01,2459.23,-29,Tube Investments of India Limited
2,2024-02-01,3481.25,26,Tube Investments of India Limited
3,2023-02-01,2762.37,83,Tube Investments of India Limited
4,2022-02-01,1506.49,41,Tube Investments of India Limited
5,2021-02-01,1071.29,106,Tube Investments of India Limited
6,2020-02-01,519.9,49,Tube Investments of India Limited
7,2019-02-01,350.06,38,Tube Investments of India Limited
8,2018-02-01,253.81,-,Tube Investments of India Limited
Latest,2026-01-01,452.05,1,UFLEX Limited
1,2025-02-01,448.56,5,UFLEX Limited
2,2024-02-01,426.31,14,UFLEX Limited
3,2023-02-01,373.52,-27,UFLEX Limited
4,2022-02-01,510.67,44,UFLEX Limited
5,2021-02-01,354.27,73,UFLEX Limited
6,2020-02-01,204.7,10,UFLEX Limited
7,2019-02-01,186.74,-47,UFLEX Limited
8,2018-02-01,354.01,39,UFLEX Limited
9,2017-02-01,254.7,-,UFLEX Limited
Latest,2026-01-01,702.55,12,UPL Limited
1,2025-02-01,627.21,35,UPL Limited
2,2024-02-01,464.64,-31,UPL Limited
3,2023-02-01,676.08,6,UPL Limited
4,2022-02-01,639.52,20,UPL Limited
5,2021-02-01,533.44,9,UPL Limited
6,2020-02-01,488.01,-11,UPL Limited
7,2019-02-01,545.27,22,UPL Limited
8,2018-02-01,447.43,2,UPL Limited
9,2017-02-01,437.59,-,UPL Limited
Latest,2026-01-01,12369.0,23,UltraTech Cement Limited
1,2025-02-01,10064.65,3,UltraTech Cement Limited
2,2024-02-01,9772.14,37,UltraTech Cement Limited
3,2023-02-01,7140.39,11,UltraTech Cement Limited
4,2022-02-01,6421.67,8,UltraTech Cement Limited
5,2021-02-01,5949.82,45,UltraTech Cement Limited
6,2020-02-01,4092.72,11,UltraTech Cement Limited
7,2019-02-01,3701.95,-8,UltraTech Cement Limited
8,2018-02-01,4009.51,10,UltraTech Cement Limited
9,2017-02-01,3632.97,-,UltraTech Cement Limited
Latest,2026-01-01,1441.5,-26,United Breweries Limited
1,2025-02-01,1936.18,15,United Breweries Limited
2,2024-02-01,1680.14,18,United Breweries Limited
3,2023-02-01,1425.47,-3,United Breweries Limited
4,2022-02-01,1469.12,29,United Breweries Limited
5,2021-02-01,1136.33,-7,United Breweries Limited
6,2020-02-01,1215.68,-7,United Breweries Limited
7,2019-02-01,1308.99,27,United Breweries Limited
8,2018-02-01,1030.5,36,United Breweries Limited
9,2017-02-01,755.27,-,United Breweries Limited
Latest,2026-01-01,1333.0,5,United Spirits Limited
1,2025-02-01,1273.22,-,United Spirits Limited
Latest,2026-01-01,1134.1,38,Uno Minda Limited
1,2025-02-01,824.04,24,Uno Minda Limited
2,2024-02-01,666.47,32,Uno Minda Limited
3,2023-02-01,503.15,11,Uno Minda Limited
4,2022-02-01,454.93,62,Uno Minda Limited
5,2021-02-01,280.12,53,Uno Minda Limited
6,2020-02-01,183.37,16,Uno Minda Limited
7,2019-02-01,157.5,-14,Uno Minda Limited
8,2018-02-01,183.27,158,Uno Minda Limited
9,2017-02-01,71.05,-,Uno Minda Limited
Latest,2026-01-01,124.85,-,Urban Company Limited
Latest,2026-01-01,311.0,1,V Guard Industries Limited
1,2025-02-01,308.26,-4,V Guard Industries Limited
2,2024-02-01,322.73,33,V Guard Industries Limited
3,2023-02-01,243.25,27,V Guard Industries Limited
4,2022-02-01,191.84,-13,V Guard Industries Limited
5,2021-02-01,220.28,11,V Guard Industries Limited
6,2020-02-01,197.73,-1,V Guard Industries Limited
7,2019-02-01,199.21,-15,V Guard Industries Limited
8,2018-02-01,234.43,50,V Guard Industries Limited
9,2017-02-01,156.14,-,V Guard Industries Limited
Latest,2026-01-01,573.8,-23,V-Mart Retail Limited
1,2025-02-01,747.79,56,V-Mart Retail Limited
2,2024-02-01,478.09,-21,V-Mart Retail Limited
3,2023-02-01,602.17,-29,V-Mart Retail Limited
4,2022-02-01,852.16,29,V-Mart Retail Limited
5,2021-02-01,661.82,19,V-Mart Retail Limited
6,2020-02-01,557.5,-13,V-Mart Retail Limited
7,2019-02-01,644.29,59,V-Mart Retail Limited
8,2018-02-01,404.06,126,V-Mart Retail Limited
9,2017-02-01,179.13,-,V-Mart Retail Limited
Latest,2026-01-01,1826.0,16,V2 Retail Limited
1,2025-02-01,1575.85,319,V2 Retail Limited
2,2024-02-01,375.7,339,V2 Retail Limited
3,2023-02-01,85.55,-42,V2 Retail Limited
4,2022-02-01,148.2,9,V2 Retail Limited
5,2021-02-01,135.6,71,V2 Retail Limited
6,2020-02-01,79.15,-69,V2 Retail Limited
7,2019-02-01,251.95,-41,V2 Retail Limited
8,2018-02-01,429.4,125,V2 Retail Limited
9,2017-02-01,190.7,-,V2 Retail Limited
Latest,2026-01-01,996.3,9,VIJAYA DIAGNOSTIC CENTRE LIMITED
1,2025-02-01,913.91,42,VIJAYA DIAGNOSTIC CENTRE LIMITED
2,2024-02-01,642.48,71,VIJAYA DIAGNOSTIC CENTRE LIMITED
3,2023-02-01,375.72,-10,VIJAYA DIAGNOSTIC CENTRE LIMITED
4,2022-02-01,418.45,-,VIJAYA DIAGNOSTIC CENTRE LIMITED
Latest,2026-01-01,514.65,19,VIMTA LABS LIMITED
1,2025-02-01,431.82,71,VIMTA LABS LIMITED
2,2024-02-01,252.64,69,VIMTA LABS LIMITED
3,2023-02-01,149.5,-5,VIMTA LABS LIMITED
4,2022-02-01,156.56,93,VIMTA LABS LIMITED
5,2021-02-01,81.15,79,VIMTA LABS LIMITED
6,2020-02-01,45.25,-47,VIMTA LABS LIMITED
7,2019-02-01,85.75,-14,VIMTA LABS LIMITED
8,2018-02-01,99.26,85,VIMTA LABS LIMITED
9,2017-02-01,53.7,-,VIMTA LABS LIMITED
Latest,2026-01-01,348.8,15,VIP Industries Limited
1,2025-02-01,302.55,-45,VIP Industries Limited
2,2024-02-01,550.83,-13,VIP Industries Limited
3,2023-02-01,633.81,1,VIP Industries Limited
4,2022-02-01,630.4,60,VIP Industries Limited
5,2021-02-01,395.03,-2,VIP Industries Limited
6,2020-02-01,401.18,1,VIP Industries Limited
7,2019-02-01,396.23,21,VIP Industries Limited
8,2018-02-01,326.17,125,VIP Industries Limited
9,2017-02-01,144.7,-,VIP Industries Limited
Latest,2026-01-01,474.1,9,Varun Beverages Limited
1,2025-02-01,434.81,-22,Varun Beverages Limited
2,2024-02-01,560.85,117,Varun Beverages Limited
3,2023-02-01,258.41,107,Varun Beverages Limited
4,2022-02-01,124.91,36,Varun Beverages Limited
5,2021-02-01,91.55,29,Varun Beverages Limited
6,2020-02-01,71.15,51,Varun Beverages Limited
7,2019-02-01,47.01,25,Varun Beverages Limited
8,2018-02-01,37.59,67,Varun Beverages Limited
9,2017-02-01,22.5,-,Varun Beverages Limited
Latest,2026-01-01,684.15,83,Vedanta Limited
1,2025-02-01,374.8,62,Vedanta Limited
2,2024-02-01,231.42,24,Vedanta Limited
3,2023-02-01,185.97,-9,Vedanta Limited
4,2022-02-01,204.8,103,Vedanta Limited
5,2021-02-01,101.05,107,Vedanta Limited
6,2020-02-01,48.77,-32,Vedanta Limited
7,2019-02-01,71.72,-40,Vedanta Limited
8,2018-02-01,120.04,36,Vedanta Limited
9,2017-02-01,88.19,-,Vedanta Limited
Latest,2026-01-01,723.45,30,Ventive Hospitality Limited
1,2025-02-01,557.4,-,Ventive Hospitality Limited
Latest,2026-01-01,461.05,16,Vesuvius India Ltd
1,2025-02-01,397.55,23,Vesuvius India Ltd
2,2024-02-01,322.46,102,Vesuvius India Ltd
3,2023-02-01,159.91,71,Vesuvius India Ltd
4,2022-02-01,93.46,-9,Vesuvius India Ltd
5,2021-02-01,102.41,-8,Vesuvius India Ltd
6,2020-02-01,111.07,-1,Vesuvius India Ltd
7,2019-02-01,111.87,-14,Vesuvius India Ltd
8,2018-02-01,129.62,12,Vesuvius India Ltd
9,2017-02-01,115.57,-,Vesuvius India Ltd
Latest,2026-01-01,124.58,24,Vishal Mega Mart Limited
1,2025-02-01,100.21,-,Vishal Mega Mart Limited
Latest,2026-01-01,9.93,32,Vodafone Idea Limited
1,2025-02-01,7.55,-45,Vodafone Idea Limited
2,2024-02-01,13.65,101,Vodafone Idea Limited
3,2023-02-01,6.8,-34,Vodafone Idea Limited
4,2022-02-01,10.3,-9,Vodafone Idea Limited
5,2021-02-01,11.3,194,Vodafone Idea Limited
6,2020-02-01,3.85,-79,Vodafone Idea Limited
7,2019-02-01,18.03,-64,Vodafone Idea Limited
8,2018-02-01,50.59,-28,Vodafone Idea Limited
9,2017-02-01,69.85,-,Vodafone Idea Limited
Latest,2026-01-01,1315.4,0,Voltas Limited
1,2025-02-01,1312.77,19,Voltas Limited
2,2024-02-01,1098.93,25,Voltas Limited
3,2023-02-01,879.16,-29,Voltas Limited
4,2022-02-01,1238.05,25,Voltas Limited
5,2021-02-01,992.92,51,Voltas Limited
6,2020-02-01,657.6,21,Voltas Limited
7,2019-02-01,545.22,-6,Voltas Limited
8,2018-02-01,582.36,64,Voltas Limited
9,2017-02-01,354.61,-,Voltas Limited
Latest,2026-01-01,730.6,-0,Welspun Corp Limited
1,2025-02-01,732.95,46,Welspun Corp Limited
2,2024-02-01,502.92,182,Welspun Corp Limited
3,2023-02-01,178.15,32,Welspun Corp Limited
4,2022-02-01,134.63,13,Welspun Corp Limited
5,2021-02-01,118.72,-26,Welspun Corp Limited
6,2020-02-01,161.04,72,Welspun Corp Limited
7,2019-02-01,93.45,-38,Welspun Corp Limited
8,2018-02-01,151.06,112,Welspun Corp Limited
9,2017-02-01,71.13,-,Welspun Corp Limited
Latest,2026-01-01,467.1,13,Welspun Enterprises Limited
1,2025-02-01,415.06,33,Welspun Enterprises Limited
2,2024-02-01,311.0,157,Welspun Enterprises Limited
3,2023-02-01,120.98,66,Welspun Enterprises Limited
4,2022-02-01,72.73,-6,Welspun Enterprises Limited
5,2021-02-01,77.56,33,Welspun Enterprises Limited
6,2020-02-01,58.15,-31,Welspun Enterprises Limited
7,2019-02-01,83.98,-41,Welspun Enterprises Limited
8,2018-02-01,141.97,154,Welspun Enterprises Limited
9,2017-02-01,55.98,-,Welspun Enterprises Limited
Latest,2026-01-01,120.78,14,Welspun Living Limited
1,2025-02-01,105.65,-31,Welspun Living Limited
2,2024-02-01,152.81,133,Welspun Living Limited
3,2023-02-01,65.55,-37,Welspun Living Limited
4,2022-02-01,103.25,52,Welspun Living Limited
5,2021-02-01,68.01,74,Welspun Living Limited
6,2020-02-01,39.15,-19,Welspun Living Limited
7,2019-02-01,48.61,-19,Welspun Living Limited
8,2018-02-01,60.13,-27,Welspun Living Limited
9,2017-02-01,82.45,-,Welspun Living Limited
Latest,2026-01-01,238.4,-12,Wipro Limited
1,2025-02-01,272.29,9,Wipro Limited
2,2024-02-01,249.34,34,Wipro Limited
3,2023-02-01,185.7,-30,Wipro Limited
4,2022-02-01,263.81,36,Wipro Limited
5,2021-02-01,194.43,86,Wipro Limited
6,2020-02-01,104.7,-20,Wipro Limited
7,2019-02-01,130.29,26,Wipro Limited
8,2018-02-01,103.12,21,Wipro Limited
9,2017-02-01,85.42,-,Wipro Limited
Latest,2026-01-01,1351.6,17,Wockhardt Limited
1,2025-02-01,1155.5,91,Wockhardt Limited
2,2024-02-01,604.15,223,Wockhardt Limited
3,2023-02-01,187.25,-40,Wockhardt Limited
4,2022-02-01,312.55,-32,Wockhardt Limited
5,2021-02-01,462.25,63,Wockhardt Limited
6,2020-02-01,283.33,-22,Wockhardt Limited
7,2019-02-01,365.05,-52,Wockhardt Limited
8,2018-02-01,756.0,9,Wockhardt Limited
9,2017-02-01,693.5,-,Wockhardt Limited
Latest,2026-01-01,139.88,-21,Wonder Electricals Limited
1,2025-02-01,177.34,278,Wonder Electricals Limited
2,2024-02-01,46.95,121,Wonder Electricals Limited
3,2023-02-01,21.2,24,Wonder Electricals Limited
4,2022-02-01,17.09,329,Wonder Electricals Limited
5,2021-02-01,3.98,-27,Wonder Electricals Limited
6,2020-02-01,5.42,-,Wonder Electricals Limited
Latest,2026-01-01,550.8,53,Yatharth Hospital & Trauma Care Services Limited
1,2025-02-01,358.85,-24,Yatharth Hospital & Trauma Care Services Limited
2,2024-02-01,470.2,-,Yatharth Hospital & Trauma Care Services Limited
Latest,2025-01-01,1399.75,0,Z F Steering Gear (India) Limited
1,2025-01-01,1399.75,61,Z F Steering Gear (India) Limited
2,2024-02-01,871.43,116,Z F Steering Gear (India) Limited
3,2023-02-01,402.96,-3,Z F Steering Gear (India) Limited
4,2022-02-01,416.93,8,Z F Steering Gear (India) Limited
5,2021-02-01,387.48,18,Z F Steering Gear (India) Limited
6,2020-02-01,329.61,-51,Z F Steering Gear (India) Limited
7,2019-02-01,668.66,-37,Z F Steering Gear (India) Limited
8,2018-02-01,1055.58,-6,Z F Steering Gear (India) Limited
9,2017-02-01,1122.12,-,Z F Steering Gear (India) Limited
Latest,2026-01-01,1287.6,23,Zen Technologies Limited
1,2025-02-01,1043.83,21,Zen Technologies Limited
2,2024-02-01,864.12,229,Zen Technologies Limited
3,2023-02-01,263.01,33,Zen Technologies Limited
4,2022-02-01,197.31,134,Zen Technologies Limited
5,2021-02-01,84.22,54,Zen Technologies Limited
6,2020-02-01,54.63,-21,Zen Technologies Limited
7,2019-02-01,68.93,-40,Zen Technologies Limited
8,2018-02-01,115.61,71,Zen Technologies Limited
9,2017-02-01,67.57,-,Zen Technologies Limited
Latest,2026-01-01,882.0,2,Zydus Lifesciences Limited
1,2025-02-01,866.67,-7,Zydus Lifesciences Limited
2,2024-02-01,928.92,104,Zydus Lifesciences Limited
3,2023-02-01,455.14,30,Zydus Lifesciences Limited
4,2022-02-01,349.64,-17,Zydus Lifesciences Limited
5,2021-02-01,419.74,69,Zydus Lifesciences Limited
6,2020-02-01,247.74,-17,Zydus Lifesciences Limited
7,2019-02-01,298.99,-21,Zydus Lifesciences Limited
8,2018-02-01,376.57,-7,Zydus Lifesciences Limited
9,2017-02-01,406.33,-,Zydus Lifesciences Limited
Latest,2026-01-01,4323.9,53,eClerx Services Limited
1,2025-02-01,2833.19,12,eClerx Services Limited
2,2024-02-01,2520.4,81,eClerx Services Limited
3,2023-02-01,1393.13,-3,eClerx Services Limited
4,2022-02-01,1431.51,132,eClerx Services Limited
5,2021-02-01,617.97,71,eClerx Services Limited
6,2020-02-01,360.54,-48,eClerx Services Limited
7,2019-02-01,687.28,-24,eClerx Services Limited
8,2018-02-01,906.58,2,eClerx Services Limited
9,2017-02-01,892.35,-,eClerx Services Limited
